Workbook

Sheet Calendrier
B2: Information du collaborateur | K2: 2026 | BF2: Vacances
C3: Entreprise: | D3: HUG | BF3: Scolaire: | DJ3: Date par case | FG3: conditions est-ce un jour ferié | HB3: Congé | IY3: Formation | KV3: Autres | MS3: Récupération | OP3: Congé scolaire | QN3: Malade | SL3: Jour Travaillé
C4: Canton: | D4: GE | E4: pour les jours feriés ( à placer dans la même zone que le choix les vacances scolaires) | BF4: GE
L5: AM | M5: PM | N5: AM | O5: PM | P5: AM | Q5: PM | R5: AM | S5: PM | T5: AM | U5: PM | V5: AM | W5: PM | X5: AM | Y5: PM | AB5: AM | AC5: PM | AD5: AM | AE5: PM | AF5: AM | AG5: PM | AH5: AM | AI5: PM | AJ5: AM | AK5: PM | AL5: AM | AM5: PM | AN5: AM | AO5: PM | AR5: AM | AS5: PM | AT5: AM | AU5: PM | AV5: AM | AW5: PM | AX5: AM | AY5: PM | AZ5: AM | BA5: PM | BB5: AM | BC5: PM | BD5: AM | BE5: PM | DG5: =L10="" -> TRUE
C6: Nom: | D6: Mike | L6: 1 | M6: 1 | N6: 2 | O6: 2 | P6: 3 | Q6: 3 | R6: 4 | S6: 4 | T6: 5 | U6: 5 | V6: 6 | W6: 6 | X6: 7 | Y6: 7 | AB6: 1 | AC6: 1 | AD6: 2 | AE6: 2 | AF6: 3 | AG6: 3 | AH6: 4 | AI6: 4 | AJ6: 5 | AK6: 5 | AL6: 6 | AM6: 6 | AN6: 7 | AO6: 7 | AR6: 1 | AS6: 1 | AT6: 2 | AU6: 2 | AV6: 3 | AW6: 3 | AX6: 4 | AY6: 4 | AZ6: 5 | BA6: 5 | BB6: 6 | BC6: 6 | BD6: 7 | BE6: 7 | DG6: =ISBLANK(L10) -> FALSE
C7: Prenom: | D7: Marek | L7: 1 | M7: 2 | N7: 1 | O7: 2 | P7: 1 | Q7: 2 | R7: 1 | S7: 2 | T7: 1 | U7: 2 | V7: 1 | W7: 2 | X7: 1 | Y7: 2 | AB7: 1 | AC7: 2 | AD7: 1 | AE7: 2 | AF7: 1 | AG7: 2 | AH7: 1 | AI7: 2 | AJ7: 1 | AK7: 2 | AL7: 1 | AM7: 2 | AN7: 1 | AO7: 2 | AR7: 1 | AS7: 2 | AT7: 1 | AU7: 2 | AV7: 1 | AW7: 2 | AX7: 1 | AY7: 2 | AZ7: 1 | BA7: 2 | BB7: 1 | BC7: 2 | BD7: 1 | BE7: 2
K8: 1 | L8: =TEXT(DATE($K$2,K8,1),"mmmm") -> janvier | AA8: 2 | AB8: =TEXT(DATE($K$2,AA8,1),"mmmm") -> février | AQ8: 3 | AR8: =TEXT(DATE($K$2,AQ8,1),"mmmm") -> mars | BJ8: 1 | BK8: janvier | BZ8: 2 | CA8: février | CP8: 3 | CQ8: mars | DG8: 1 | DH8: janvier | DW8: 2 | DX8: février | EM8: 3 | EN8: mars | FE8: janvier | FT8: 2 | FU8: février | GJ8: 3 | GK8: mars | HB8: janvier | HQ8: 2 | HR8: février | IG8: 3 | IH8: mars | IY8: janvier | JN8: 2 | JO8: février | KD8: 3 | KE8: mars | KV8: janvier | LK8: 2 | LL8: février | MA8: 3 | MB8: mars | MS8: janvier | NH8: 2 | NI8: février | NX8: 3 | NY8: mars | OP8: janvier | PE8: 2 | PF8: février | PU8: 3 | PV8: mars | QN8: janvier | RC8: 2 | RD8: février | RS8: 3 | RT8: mars | SL8: janvier | TA8: 2 | TB8: février | TQ8: 3 | TR8: mars
C9: Taux d'activité [%] | D9: 80 | K9: =WEEKDAY(DATE($K$2,K8,1),Parameters!$A$2) -> 4 | L9: =TEXT(2,"jjj") -> lun | N9: =TEXT(3,"jjj") -> mar | P9: =TEXT(4,"jjj") -> mer | R9: =TEXT(5,"jjj") -> jeu | T9: =TEXT(6,"jjj") -> ven | V9: =TEXT(7,"jjj") -> sam | X9: =TEXT(8,"jjj") -> dim | Z9: =DAY(DATE($K$2,K8+1,1)-1) -> 31 | AA9: =WEEKDAY(DATE($K$2,AA8,1),Parameters!$A$2) -> 7 | AB9: =TEXT(2,"jjj") -> lun | AD9: =TEXT(3,"jjj") -> mar | AF9: =TEXT(4,"jjj") -> mer | AH9: =TEXT(5,"jjj") -> jeu | AJ9: =TEXT(6,"jjj") -> ven | AL9: =TEXT(7,"jjj") -> sam | AN9: =TEXT(8,"jjj") -> dim | AP9: =DAY(DATE($K$2,AA8+1,1)-1) -> 28 | AQ9: =WEEKDAY(DATE($K$2,AQ8,1),Parameters!$A$2) -> 7 | AR9: =TEXT(2,"jjj") -> lun | AT9: =TEXT(3,"jjj") -> mar | AV9: =TEXT(4,"jjj") -> mer | AX9: =TEXT(5,"jjj") -> jeu | AZ9: =TEXT(6,"jjj") -> ven | BB9: =TEXT(7,"jjj") -> sam | BD9: =TEXT(8,"jjj") -> dim | BF9: =DAY(DATE($K$2,AQ8+1,1)-1) -> 31 | BJ9: 6 | BK9: lun | BM9: mar | BO9: mer | BQ9: jeu | BS9: ven | BU9: sam | BW9: dim | BY9: 31 | BZ9: 2 | CA9: lun | CC9: mar | CE9: mer | CG9: jeu | CI9: ven | CK9: sam | CM9: dim | CO9: 28 | CP9: 2 | CQ9: lun | CS9: mar | CU9: mer | CW9: jeu | CY9: ven | DA9: sam | DC9: dim | DG9: 6 | DH9: lun | DJ9: mar | DL9: mer | DN9: jeu | DP9: ven | DR9: sam | DT9: dim | DV9: 31 | DW9: 2 | DX9: lun | DZ9: mar | EB9: mer | ED9: jeu | EF9: ven | EH9: sam | EJ9: dim | EL9: 28 | EM9: 2 | EN9: lun | EP9: mar | ER9: mer | ET9: jeu | EV9: ven | EX9: sam | EZ9: dim | FE9: lun | FG9: mar | FI9: mer | FK9: jeu | FM9: ven | FO9: sam | FQ9: dim | FS9: 31 | FT9: 2 | FU9: lun | FW9: mar | FY9: mer | GA9: jeu | GC9: ven | GE9: sam | GG9: dim | GI9: 28 | GJ9: 2 | GK9: lun | GM9: mar | GO9: mer | GQ9: jeu | GS9: ven | GU9: sam | GW9: dim | HB9: lun | HD9: mar | HF9: mer | HH9: jeu | HJ9: ven | HL9: sam | HN9: dim | HP9: 31 | HQ9: 2 | HR9: lun | HT9: mar | HV9: mer | HX9: jeu | HZ9: ven | IB9: sam | ID9: dim | IF9: 28 | IG9: 2 | IH9: lun | IJ9: mar | IL9: mer | IN9: jeu | IP9: ven | IR9: sam | IT9: dim | IY9: lun | JA9: mar | JC9: mer | JE9: jeu | JG9: ven | JI9: sam | JK9: dim | JM9: 31 | JN9: 2 | JO9: lun | JQ9: mar | JS9: mer | JU9: jeu | JW9: ven | JY9: sam | KA9: dim | KC9: 28 | KD9: 2 | KE9: lun | KG9: mar | KI9: mer | KK9: jeu | KM9: ven | KO9: sam | KQ9: dim | KV9: lun | KX9: mar | KZ9: mer | LB9: jeu | LD9: ven | LF9: sam | LH9: dim | LJ9: 31 | LK9: 2 | LL9: lun | LN9: mar | LP9: mer | LR9: jeu | LT9: ven | LV9: sam | LX9: dim | LZ9: 28 | MA9: 2 | MB9: lun | MD9: mar | MF9: mer | MH9: jeu | MJ9: ven | ML9: sam | MN9: dim | MS9: lun | MU9: mar | MW9: mer | MY9: jeu | NA9: ven | NC9: sam | NE9: dim | NG9: 31 | NH9: 2 | NI9: lun | NK9: mar | NM9: mer | NO9: jeu | NQ9: ven | NS9: sam | NU9: dim | NW9: 28 | NX9: 2 | NY9: lun | OA9: mar | OC9: mer | OE9: jeu | OG9: ven | OI9: sam | OK9: dim | OP9: lun | OR9: mar | OT9: mer | OV9: jeu | OX9: ven | OZ9: sam | PB9: dim | PD9: 31 | PE9: 2 | PF9: lun | PH9: mar | PJ9: mer | PL9: jeu | PN9: ven | PP9: sam | PR9: dim | PT9: 28 | PU9: 2 | PV9: lun | PX9: mar | PZ9: mer | QB9: jeu | QD9: ven | QF9: sam | QH9: dim | QN9: lun | QP9: mar | QR9: mer | QT9: jeu | QV9: ven | QX9: sam | QZ9: dim | RB9: 31 | RC9: 2 | RD9: lun | RF9: mar | RH9: mer | RJ9: jeu | RL9: ven | RN9: sam | RP9: dim | RR9: 28 | RS9: 2 | RT9: lun | RV9: mar | RX9: mer | RZ9: jeu | SB9: ven | SD9: sam | SF9: dim | SL9: lun | SN9: mar | SP9: mer | SR9: jeu | ST9: ven | SV9: sam | SX9: dim | SZ9: 31 | TA9: 2 | TB9: lun | TD9: mar | TF9: mer | TH9: jeu | TJ9: ven | TL9: sam | TN9: dim | TP9: 28 | TQ9: 2 | TR9: lun | TT9: mar | TV9: mer | TX9: jeu | TZ9: ven | UB9: sam | UD9: dim
C10: Métier | D10: Admin | L10: =IF($K$9=L$6,1,IF(J10<>"",J10+1,"")) | N10: =IF($K$9=N$6,1,IF(L10<>"",L10+1,"")) | P10: =IF($K$9=P$6,1,IF(N10<>"",N10+1,"")) | R10: =IF($K$9=R$6,1,IF(P10<>"",P10+1,"")) -> 1 | T10: =IF($K$9=T$6,1,IF(R10<>"",R10+1,"")) -> 2 | V10: =IF($K$9=V$6,1,IF(T10<>"",T10+1,"")) -> 3 | X10: =IF($K$9=X$6,1,IF(V10<>"",V10+1,"")) -> 4 | AB10: =IF($AA$9=AB$6,1,IF(Z10<>"",Z10+1,"")) | AD10: =IF($AA$9=AD$6,1,IF(AB10<>"",AB10+1,"")) | AF10: =IF($AA$9=AF$6,1,IF(AD10<>"",AD10+1,"")) | AH10: =IF($AA$9=AH$6,1,IF(AF10<>"",AF10+1,"")) | AJ10: =IF($AA$9=AJ$6,1,IF(AH10<>"",AH10+1,"")) | AL10: =IF($AA$9=AL$6,1,IF(AJ10<>"",AJ10+1,"")) | AN10: =IF($AA$9=AN$6,1,IF(AL10<>"",AL10+1,"")) -> 1 | AR10: =IF($AQ$9=AR$6,1,IF(AP10<>"",AP10+1,"")) | AT10: =IF($AQ$9=AT$6,1,IF(AR10<>"",AR10+1,"")) | AV10: =IF($AQ$9=AV$6,1,IF(AT10<>"",AT10+1,"")) | AX10: =IF($AQ$9=AX$6,1,IF(AV10<>"",AV10+1,"")) | AZ10: =IF($AQ$9=AZ$6,1,IF(AX10<>"",AX10+1,"")) | BB10: =IF($AQ$9=BB$6,1,IF(AZ10<>"",AZ10+1,"")) | BD10: =IF($AQ$9=BD$6,1,IF(BB10<>"",BB10+1,"")) -> 1 | BK10: 1 | BL10: 1 | BM10: 1 | BN10: 1 | BO10: 1 | BP10: 1 | BQ10: 1 | BR10: 1 | BS10: 1 | BT10: 1 | BU10: 1 | BV10: 1 | BW10: 1 | CA10: 2 | CB10: 2 | CC10: 2 | CD10: 2 | CE10: 2 | CF10: 2 | CG10: 2 | CH10: 2 | CI10: 2 | CJ10: 2 | CK10: 2 | CL10: 2 | CM10: 2 | CQ10: 3 | CR10: 3 | CS10: 3 | CT10: 3 | CU10: 3 | CV10: 3 | CW10: 3 | CX10: 3 | CY10: 3 | CZ10: 3 | DA10: 3 | DB10: 3 | DC10: 3 | DH10: =IF(L10="","",DATE($K$2,BK10,L10)) | DI10: =DH10 | DJ10: =IF(N10="","",DATE($K$2,BM10,N10)) | DK10: =DJ10 | DL10: =IF(P10="","",DATE($K$2,BO10,P10)) | DM10: =DL10 | DN10: =IF(R10="","",DATE($K$2,BQ10,R10)) -> 46023 | DO10: =DN10 -> 46023 | DP10: =IF(T10="","",DATE($K$2,BS10,T10)) -> 46024 | DQ10: =DP10 -> 46024 | DR10: =IF(V10="","",DATE($K$2,BU10,V10)) -> 46025 | DS10: =DR10 -> 46025 | DT10: =IF(X10="","",DATE($K$2,BW10,X10)) -> 46026 | DU10: =DT10 -> 46026 | DX10: =IF(AB10="","",DATE($K$2,CA10,AB10)) | DY10: =DX10 | DZ10: =IF(AD10="","",DATE($K$2,CC10,AD10)) | EA10: =DZ10 | EB10: =IF(AF10="","",DATE($K$2,CE10,AF10)) | EC10: =EB10 | ED10: =IF(AH10="","",DATE($K$2,CG10,AH10)) | EE10: =ED10 | EF10: =IF(AJ10="","",DATE($K$2,CI10,AJ10)) | EG10: =EF10 | EH10: =IF(AL10="","",DATE($K$2,CK10,AL10)) | EI10: =EH10 | EJ10: =IF(AN10="","",DATE($K$2,CM10,AN10)) -> 46054 | EK10: =EJ10 -> 46054 | EN10: =IF(AR10="","",DATE($K$2,CQ10,AR10)) | EO10: =EN10 | EP10: =IF(AT10="","",DATE($K$2,CS10,AT10)) | EQ10: =EP10 | ER10: =IF(AV10="","",DATE($K$2,CU10,AV10)) | ES10: =ER10 | ET10: =IF(AX10="","",DATE($K$2,CW10,AX10)) | EU10: =ET10 | EV10: =IF(AZ10="","",DATE($K$2,CY10,AZ10)) | EW10: =EV10 | EX10: =IF(BB10="","",DATE($K$2,DA10,BB10)) | EY10: =EX10 | EZ10: =IF(BD10="","",DATE($K$2,DC10,BD10)) -> 46082 | FA10: =EZ10 -> 46082 | FE10: =COUNTIFS(Parameters!$S:$S,$D$4,Parameters!$Q:$Q,DH10) -> 0 | FF10: =COUNTIFS(Parameters!$S:$S,$D$4,Parameters!$Q:$Q,DI10) -> 0 | FG10: =COUNTIFS(Parameters!$S:$S,$D$4,Parameters!$Q:$Q,DJ10) -> 0 | FH10: =COUNTIFS(Parameters!$S:$S,$D$4,Parameters!$Q:$Q,DK10) -> 0 | FI10: =COUNTIFS(Parameters!$S:$S,$D$4,Parameters!$Q:$Q,DL10) -> 0 | FJ10: =COUNTIFS(Parameters!$S:$S,$D$4,Parameters!$Q:$Q,DM10) -> 0 | FK10: =COUNTIFS(Parameters!$S:$S,$D$4,Parameters!$Q:$Q,DN10) -> 1 | FL10: =COUNTIFS(Parameters!$S:$S,$D$4,Parameters!$Q:$Q,DO10) -> 1 | ... FR10: =COUNTIFS(Parameters!$S:$S,$D$4,Parameters!$Q:$Q,DU10) -> 0 | FU10: =COUNTIFS(Parameters!$S:$S,$D$4,Parameters!$Q:$Q,DX10) -> 0 | FV10: =COUNTIFS(Parameters!$S:$S,$D$4,Parameters!$Q:$Q,DY10) -> 0 | FW10: =COUNTIFS(Parameters!$S:$S,$D$4,Parameters!$Q:$Q,DZ10) -> 0 | FX10: =COUNTIFS(Parameters!$S:$S,$D$4,Parameters!$Q:$Q,EA10) -> 0 | FY10: =COUNTIFS(Parameters!$S:$S,$D$4,Parameters!$Q:$Q,EB10) -> 0 | FZ10: =COUNTIFS(Parameters!$S:$S,$D$4,Parameters!$Q:$Q,EC10) -> 0 | GA10: =COUNTIFS(Parameters!$S:$S,$D$4,Parameters!$Q:$Q,ED10) -> 0 | GB10: =COUNTIFS(Parameters!$S:$S,$D$4,Parameters!$Q:$Q,EE10) -> 0 | ... GH10: =COUNTIFS(Parameters!$S:$S,$D$4,Parameters!$Q:$Q,EK10) -> 0 | GK10: =COUNTIFS(Parameters!$S:$S,$D$4,Parameters!$Q:$Q,EN10) -> 0 | GL10: =COUNTIFS(Parameters!$S:$S,$D$4,Parameters!$Q:$Q,EO10) -> 0 | GM10: =COUNTIFS(Parameters!$S:$S,$D$4,Parameters!$Q:$Q,EP10) -> 0 | GN10: =COUNTIFS(Parameters!$S:$S,$D$4,Parameters!$Q:$Q,EQ10) -> 0 | GO10: =COUNTIFS(Parameters!$S:$S,$D$4,Parameters!$Q:$Q,ER10) -> 0 | GP10: =COUNTIFS(Parameters!$S:$S,$D$4,Parameters!$Q:$Q,ES10) -> 0 | GQ10: =COUNTIFS(Parameters!$S:$S,$D$4,Parameters!$Q:$Q,ET10) -> 0 | GR10: =COUNTIFS(Parameters!$S:$S,$D$4,Parameters!$Q:$Q,EU10) -> 0 | ... GX10: =COUNTIFS(Parameters!$S:$S,$D$4,Parameters!$Q:$Q,FA10) -> 0 | HB10: =IF(DH10="","",COUNTIFS($D$25:$D$267,Parameters!$K$2,$E$25:$E$267,Parameters!$M$2,Calendrier!$C$25:$C$267,DH10)+ COUNTIFS($D$25:$D$267,Parameters!$K$3,$E$25:$E$267,Parameters!$M$2,Calendrier!$C$25:$C$267,DH10)) | HC10: =IF(DI10="","",COUNTIFS($D$25:$D$267,Parameters!$K$2,$E$25:$E$267,Parameters!$M$2,Calendrier!$C$25:$C$267,DI10)+ COUNTIFS($D$25:$D$267,Parameters!$K$4,$E$25:$E$267,Parameters!$M$2,Calendrier!$C$25:$C$267,DI10)) | HD10: =IF(DJ10="","",COUNTIFS($D$25:$D$267,Parameters!$K$2,$E$25:$E$267,Parameters!$M$2,Calendrier!$C$25:$C$267,DJ10)+ COUNTIFS($D$25:$D$267,Parameters!$K$3,$E$25:$E$267,Parameters!$M$2,Calendrier!$C$25:$C$267,DJ10)) | HE10: =IF(DK10="","",COUNTIFS($D$25:$D$267,Parameters!$K$2,$E$25:$E$267,Parameters!$M$2,Calendrier!$C$25:$C$267,DK10)+ COUNTIFS($D$25:$D$267,Parameters!$K$4,$E$25:$E$267,Parameters!$M$2,Calendrier!$C$25:$C$267,DK10)) | HF10: =IF(DL10="","",COUNTIFS($D$25:$D$267,Parameters!$K$2,$E$25:$E$267,Parameters!$M$2,Calendrier!$C$25:$C$267,DL10)+ COUNTIFS($D$25:$D$267,Parameters!$K$3,$E$25:$E$267,Parameters!$M$2,Calendrier!$C$25:$C$267,DL10)) | HG10: =IF(DM10="","",COUNTIFS($D$25:$D$267,Parameters!$K$2,$E$25:$E$267,Parameters!$M$2,Calendrier!$C$25:$C$267,DM10)+ COUNTIFS($D$25:$D$267,Parameters!$K$4,$E$25:$E$267,Parameters!$M$2,Calendrier!$C$25:$C$267,DM10)) | HH10: =IF(DN10="","",COUNTIFS($D$25:$D$267,Parameters!$K$2,$E$25:$E$267,Parameters!$M$2,Calendrier!$C$25:$C$267,DN10)+ COUNTIFS($D$25:$D$267,Parameters!$K$3,$E$25:$E$267,Parameters!$M$2,Calendrier!$C$25:$C$267,DN10)) -> 0 | HI10: =IF(DO10="","",COUNTIFS($D$25:$D$267,Parameters!$K$2,$E$25:$E$267,Parameters!$M$2,Calendrier!$C$25:$C$267,DO10)+ COUNTIFS($D$25:$D$267,Parameters!$K$4,$E$25:$E$267,Parameters!$M$2,Calendrier!$C$25:$C$267,DO10)) -> 0 | HJ10: =IF(DP10="","",COUNTIFS($D$25:$D$267,Parameters!$K$2,$E$25:$E$267,Parameters!$M$2,Calendrier!$C$25:$C$267,DP10)+ COUNTIFS($D$25:$D$267,Parameters!$K$3,$E$25:$E$267,Parameters!$M$2,Calendrier!$C$25:$C$267,DP10)) -> 0 | HK10: =IF(DQ10="","",COUNTIFS($D$25:$D$267,Parameters!$K$2,$E$25:$E$267,Parameters!$M$2,Calendrier!$C$25:$C$267,DQ10)+ COUNTIFS($D$25:$D$267,Parameters!$K$4,$E$25:$E$267,Parameters!$M$2,Calendrier!$C$25:$C$267,DQ10)) -> 0 | HL10: =IF(DR10="","",COUNTIFS($D$25:$D$267,Parameters!$K$2,$E$25:$E$267,Parameters!$M$2,Calendrier!$C$25:$C$267,DR10)+ COUNTIFS($D$25:$D$267,Parameters!$K$3,$E$25:$E$267,Parameters!$M$2,Calendrier!$C$25:$C$267,DR10)) -> 0 | HM10: =IF(DS10="","",COUNTIFS($D$25:$D$267,Parameters!$K$2,$E$25:$E$267,Parameters!$M$2,Calendrier!$C$25:$C$267,DS10)+ COUNTIFS($D$25:$D$267,Parameters!$K$4,$E$25:$E$267,Parameters!$M$2,Calendrier!$C$25:$C$267,DS10)) -> 0 | HN10: =IF(DT10="","",COUNTIFS($D$25:$D$267,Parameters!$K$2,$E$25:$E$267,Parameters!$M$2,Calendrier!$C$25:$C$267,DT10)+ COUNTIFS($D$25:$D$267,Parameters!$K$3,$E$25:$E$267,Parameters!$M$2,Calendrier!$C$25:$C$267,DT10)) -> 0 | HO10: =IF(DU10="","",COUNTIFS($D$25:$D$267,Parameters!$K$2,$E$25:$E$267,Parameters!$M$2,Calendrier!$C$25:$C$267,DU10)+ COUNTIFS($D$25:$D$267,Parameters!$K$4,$E$25:$E$267,Parameters!$M$2,Calendrier!$C$25:$C$267,DU10)) -> 0 | HR10: =IF(DX10="","",COUNTIFS($D$25:$D$267,Parameters!$K$2,$E$25:$E$267,Parameters!$M$2,Calendrier!$C$25:$C$267,DX10)+ COUNTIFS($D$25:$D$267,Parameters!$K$3,$E$25:$E$267,Parameters!$M$2,Calendrier!$C$25:$C$267,DX10)) | HS10: =IF(DY10="","",COUNTIFS($D$25:$D$267,Parameters!$K$2,$E$25:$E$267,Parameters!$M$2,Calendrier!$C$25:$C$267,DY10)+ COUNTIFS($D$25:$D$267,Parameters!$K$4,$E$25:$E$267,Parameters!$M$2,Calendrier!$C$25:$C$267,DY10)) | HT10: =IF(DZ10="","",COUNTIFS($D$25:$D$267,Parameters!$K$2,$E$25:$E$267,Parameters!$M$2,Calendrier!$C$25:$C$267,DZ10)+ COUNTIFS($D$25:$D$267,Parameters!$K$3,$E$25:$E$267,Parameters!$M$2,Calendrier!$C$25:$C$267,DZ10)) | HU10: =IF(EA10="","",COUNTIFS($D$25:$D$267,Parameters!$K$2,$E$25:$E$267,Parameters!$M$2,Calendrier!$C$25:$C$267,EA10)+ COUNTIFS($D$25:$D$267,Parameters!$K$4,$E$25:$E$267,Parameters!$M$2,Calendrier!$C$25:$C$267,EA10)) | HV10: =IF(EB10="","",COUNTIFS($D$25:$D$267,Parameters!$K$2,$E$25:$E$267,Parameters!$M$2,Calendrier!$C$25:$C$267,EB10)+ COUNTIFS($D$25:$D$267,Parameters!$K$3,$E$25:$E$267,Parameters!$M$2,Calendrier!$C$25:$C$267,EB10)) | HW10: =IF(EC10="","",COUNTIFS($D$25:$D$267,Parameters!$K$2,$E$25:$E$267,Parameters!$M$2,Calendrier!$C$25:$C$267,EC10)+ COUNTIFS($D$25:$D$267,Parameters!$K$4,$E$25:$E$267,Parameters!$M$2,Calendrier!$C$25:$C$267,EC10)) | HX10: =IF(ED10="","",COUNTIFS($D$25:$D$267,Parameters!$K$2,$E$25:$E$267,Parameters!$M$2,Calendrier!$C$25:$C$267,ED10)+ COUNTIFS($D$25:$D$267,Parameters!$K$3,$E$25:$E$267,Parameters!$M$2,Calendrier!$C$25:$C$267,ED10)) | HY10: =IF(EE10="","",COUNTIFS($D$25:$D$267,Parameters!$K$2,$E$25:$E$267,Parameters!$M$2,Calendrier!$C$25:$C$267,EE10)+ COUNTIFS($D$25:$D$267,Parameters!$K$4,$E$25:$E$267,Parameters!$M$2,Calendrier!$C$25:$C$267,EE10)) | HZ10: =IF(EF10="","",COUNTIFS($D$25:$D$267,Parameters!$K$2,$E$25:$E$267,Parameters!$M$2,Calendrier!$C$25:$C$267,EF10)+ COUNTIFS($D$25:$D$267,Parameters!$K$3,$E$25:$E$267,Parameters!$M$2,Calendrier!$C$25:$C$267,EF10)) | IA10: =IF(EG10="","",COUNTIFS($D$25:$D$267,Parameters!$K$2,$E$25:$E$267,Parameters!$M$2,Calendrier!$C$25:$C$267,EG10)+ COUNTIFS($D$25:$D$267,Parameters!$K$4,$E$25:$E$267,Parameters!$M$2,Calendrier!$C$25:$C$267,EG10)) | IB10: =IF(EH10="","",COUNTIFS($D$25:$D$267,Parameters!$K$2,$E$25:$E$267,Parameters!$M$2,Calendrier!$C$25:$C$267,EH10)+ COUNTIFS($D$25:$D$267,Parameters!$K$3,$E$25:$E$267,Parameters!$M$2,Calendrier!$C$25:$C$267,EH10)) | IC10: =IF(EI10="","",COUNTIFS($D$25:$D$267,Parameters!$K$2,$E$25:$E$267,Parameters!$M$2,Calendrier!$C$25:$C$267,EI10)+ COUNTIFS($D$25:$D$267,Parameters!$K$4,$E$25:$E$267,Parameters!$M$2,Calendrier!$C$25:$C$267,EI10)) | ID10: =IF(EJ10="","",COUNTIFS($D$25:$D$267,Parameters!$K$2,$E$25:$E$267,Parameters!$M$2,Calendrier!$C$25:$C$267,EJ10)+ COUNTIFS($D$25:$D$267,Parameters!$K$3,$E$25:$E$267,Parameters!$M$2,Calendrier!$C$25:$C$267,EJ10)) -> 0 | IE10: =IF(EK10="","",COUNTIFS($D$25:$D$267,Parameters!$K$2,$E$25:$E$267,Parameters!$M$2,Calendrier!$C$25:$C$267,EK10)+ COUNTIFS($D$25:$D$267,Parameters!$K$4,$E$25:$E$267,Parameters!$M$2,Calendrier!$C$25:$C$267,EK10)) -> 0 | IH10: =IF(EN10="","",COUNTIFS($D$25:$D$267,Parameters!$K$2,$E$25:$E$267,Parameters!$M$2,Calendrier!$C$25:$C$267,EN10)+ COUNTIFS($D$25:$D$267,Parameters!$K$3,$E$25:$E$267,Parameters!$M$2,Calendrier!$C$25:$C$267,EN10)) | II10: =IF(EO10="","",COUNTIFS($D$25:$D$267,Parameters!$K$2,$E$25:$E$267,Parameters!$M$2,Calendrier!$C$25:$C$267,EO10)+ COUNTIFS($D$25:$D$267,Parameters!$K$4,$E$25:$E$267,Parameters!$M$2,Calendrier!$C$25:$C$267,EO10)) | IJ10: =IF(EP10="","",COUNTIFS($D$25:$D$267,Parameters!$K$2,$E$25:$E$267,Parameters!$M$2,Calendrier!$C$25:$C$267,EP10)+ COUNTIFS($D$25:$D$267,Parameters!$K$3,$E$25:$E$267,Parameters!$M$2,Calendrier!$C$25:$C$267,EP10)) | IK10: =IF(EQ10="","",COUNTIFS($D$25:$D$267,Parameters!$K$2,$E$25:$E$267,Parameters!$M$2,Calendrier!$C$25:$C$267,EQ10)+ COUNTIFS($D$25:$D$267,Parameters!$K$4,$E$25:$E$267,Parameters!$M$2,Calendrier!$C$25:$C$267,EQ10)) | IL10: =IF(ER10="","",COUNTIFS($D$25:$D$267,Parameters!$K$2,$E$25:$E$267,Parameters!$M$2,Calendrier!$C$25:$C$267,ER10)+ COUNTIFS($D$25:$D$267,Parameters!$K$3,$E$25:$E$267,Parameters!$M$2,Calendrier!$C$25:$C$267,ER10)) | IM10: =IF(ES10="","",COUNTIFS($D$25:$D$267,Parameters!$K$2,$E$25:$E$267,Parameters!$M$2,Calendrier!$C$25:$C$267,ES10)+ COUNTIFS($D$25:$D$267,Parameters!$K$4,$E$25:$E$267,Parameters!$M$2,Calendrier!$C$25:$C$267,ES10)) | IN10: =IF(ET10="","",COUNTIFS($D$25:$D$267,Parameters!$K$2,$E$25:$E$267,Parameters!$M$2,Calendrier!$C$25:$C$267,ET10)+ COUNTIFS($D$25:$D$267,Parameters!$K$3,$E$25:$E$267,Parameters!$M$2,Calendrier!$C$25:$C$267,ET10)) | IO10: =IF(EU10="","",COUNTIFS($D$25:$D$267,Parameters!$K$2,$E$25:$E$267,Parameters!$M$2,Calendrier!$C$25:$C$267,EU10)+ COUNTIFS($D$25:$D$267,Parameters!$K$4,$E$25:$E$267,Parameters!$M$2,Calendrier!$C$25:$C$267,EU10)) | IP10: =IF(EV10="","",COUNTIFS($D$25:$D$267,Parameters!$K$2,$E$25:$E$267,Parameters!$M$2,Calendrier!$C$25:$C$267,EV10)+ COUNTIFS($D$25:$D$267,Parameters!$K$3,$E$25:$E$267,Parameters!$M$2,Calendrier!$C$25:$C$267,EV10)) | IQ10: =IF(EW10="","",COUNTIFS($D$25:$D$267,Parameters!$K$2,$E$25:$E$267,Parameters!$M$2,Calendrier!$C$25:$C$267,EW10)+ COUNTIFS($D$25:$D$267,Parameters!$K$4,$E$25:$E$267,Parameters!$M$2,Calendrier!$C$25:$C$267,EW10)) | IR10: =IF(EX10="","",COUNTIFS($D$25:$D$267,Parameters!$K$2,$E$25:$E$267,Parameters!$M$2,Calendrier!$C$25:$C$267,EX10)+ COUNTIFS($D$25:$D$267,Parameters!$K$3,$E$25:$E$267,Parameters!$M$2,Calendrier!$C$25:$C$267,EX10)) | IS10: =IF(EY10="","",COUNTIFS($D$25:$D$267,Parameters!$K$2,$E$25:$E$267,Parameters!$M$2,Calendrier!$C$25:$C$267,EY10)+ COUNTIFS($D$25:$D$267,Parameters!$K$4,$E$25:$E$267,Parameters!$M$2,Calendrier!$C$25:$C$267,EY10)) | IT10: =IF(EZ10="","",COUNTIFS($D$25:$D$267,Parameters!$K$2,$E$25:$E$267,Parameters!$M$2,Calendrier!$C$25:$C$267,EZ10)+ COUNTIFS($D$25:$D$267,Parameters!$K$3,$E$25:$E$267,Parameters!$M$2,Calendrier!$C$25:$C$267,EZ10)) -> 0 | IU10: =IF(FA10="","",COUNTIFS($D$25:$D$267,Parameters!$K$2,$E$25:$E$267,Parameters!$M$2,Calendrier!$C$25:$C$267,FA10)+ COUNTIFS($D$25:$D$267,Parameters!$K$4,$E$25:$E$267,Parameters!$M$2,Calendrier!$C$25:$C$267,FA10)) -> 0 | IY10: =IF(DH10="","",COUNTIFS($D$25:$D$267,Parameters!$K$2,$E$25:$E$267,Parameters!$M$3,Calendrier!$C$25:$C$267,DH10)+ COUNTIFS($D$25:$D$267,Parameters!$K$3,$E$25:$E$267,Parameters!$M$3,Calendrier!$C$25:$C$267,DH10)) | IZ10: =IF(DI10="","",COUNTIFS($D$25:$D$267,Parameters!$K$2,$E$25:$E$267,Parameters!$M$3,Calendrier!$C$25:$C$267,DI10)+ COUNTIFS($D$25:$D$267,Parameters!$K$4,$E$25:$E$267,Parameters!$M$3,Calendrier!$C$25:$C$267,DI10)) | JA10: =IF(DJ10="","",COUNTIFS($D$25:$D$267,Parameters!$K$2,$E$25:$E$267,Parameters!$M$3,Calendrier!$C$25:$C$267,DJ10)+ COUNTIFS($D$25:$D$267,Parameters!$K$3,$E$25:$E$267,Parameters!$M$3,Calendrier!$C$25:$C$267,DJ10)) | JB10: =IF(DK10="","",COUNTIFS($D$25:$D$267,Parameters!$K$2,$E$25:$E$267,Parameters!$M$3,Calendrier!$C$25:$C$267,DK10)+ COUNTIFS($D$25:$D$267,Parameters!$K$4,$E$25:$E$267,Parameters!$M$3,Calendrier!$C$25:$C$267,DK10)) | JC10: =IF(DL10="","",COUNTIFS($D$25:$D$267,Parameters!$K$2,$E$25:$E$267,Parameters!$M$3,Calendrier!$C$25:$C$267,DL10)+ COUNTIFS($D$25:$D$267,Parameters!$K$3,$E$25:$E$267,Parameters!$M$3,Calendrier!$C$25:$C$267,DL10)) | JD10: =IF(DM10="","",COUNTIFS($D$25:$D$267,Parameters!$K$2,$E$25:$E$267,Parameters!$M$3,Calendrier!$C$25:$C$267,DM10)+ COUNTIFS($D$25:$D$267,Parameters!$K$4,$E$25:$E$267,Parameters!$M$3,Calendrier!$C$25:$C$267,DM10)) | JE10: =IF(DN10="","",COUNTIFS($D$25:$D$267,Parameters!$K$2,$E$25:$E$267,Parameters!$M$3,Calendrier!$C$25:$C$267,DN10)+ COUNTIFS($D$25:$D$267,Parameters!$K$3,$E$25:$E$267,Parameters!$M$3,Calendrier!$C$25:$C$267,DN10)) -> 0 | JF10: =IF(DO10="","",COUNTIFS($D$25:$D$267,Parameters!$K$2,$E$25:$E$267,Parameters!$M$3,Calendrier!$C$25:$C$267,DO10)+ COUNTIFS($D$25:$D$267,Parameters!$K$4,$E$25:$E$267,Parameters!$M$3,Calendrier!$C$25:$C$267,DO10)) -> 0 | JG10: =IF(DP10="","",COUNTIFS($D$25:$D$267,Parameters!$K$2,$E$25:$E$267,Parameters!$M$3,Calendrier!$C$25:$C$267,DP10)+ COUNTIFS($D$25:$D$267,Parameters!$K$3,$E$25:$E$267,Parameters!$M$3,Calendrier!$C$25:$C$267,DP10)) -> 0 | JH10: =IF(DQ10="","",COUNTIFS($D$25:$D$267,Parameters!$K$2,$E$25:$E$267,Parameters!$M$3,Calendrier!$C$25:$C$267,DQ10)+ COUNTIFS($D$25:$D$267,Parameters!$K$4,$E$25:$E$267,Parameters!$M$3,Calendrier!$C$25:$C$267,DQ10)) -> 0 | JI10: =IF(DR10="","",COUNTIFS($D$25:$D$267,Parameters!$K$2,$E$25:$E$267,Parameters!$M$3,Calendrier!$C$25:$C$267,DR10)+ COUNTIFS($D$25:$D$267,Parameters!$K$3,$E$25:$E$267,Parameters!$M$3,Calendrier!$C$25:$C$267,DR10)) -> 0 | JJ10: =IF(DS10="","",COUNTIFS($D$25:$D$267,Parameters!$K$2,$E$25:$E$267,Parameters!$M$3,Calendrier!$C$25:$C$267,DS10)+ COUNTIFS($D$25:$D$267,Parameters!$K$4,$E$25:$E$267,Parameters!$M$3,Calendrier!$C$25:$C$267,DS10)) -> 0 | JK10: =IF(DT10="","",COUNTIFS($D$25:$D$267,Parameters!$K$2,$E$25:$E$267,Parameters!$M$3,Calendrier!$C$25:$C$267,DT10)+ COUNTIFS($D$25:$D$267,Parameters!$K$3,$E$25:$E$267,Parameters!$M$3,Calendrier!$C$25:$C$267,DT10)) -> 0 | JL10: =IF(DU10="","",COUNTIFS($D$25:$D$267,Parameters!$K$2,$E$25:$E$267,Parameters!$M$3,Calendrier!$C$25:$C$267,DU10)+ COUNTIFS($D$25:$D$267,Parameters!$K$4,$E$25:$E$267,Parameters!$M$3,Calendrier!$C$25:$C$267,DU10)) -> 0 | JO10: =IF(DX10="","",COUNTIFS($D$25:$D$267,Parameters!$K$2,$E$25:$E$267,Parameters!$M$3,Calendrier!$C$25:$C$267,DX10)+ COUNTIFS($D$25:$D$267,Parameters!$K$3,$E$25:$E$267,Parameters!$M$3,Calendrier!$C$25:$C$267,DX10)) | JP10: =IF(DY10="","",COUNTIFS($D$25:$D$267,Parameters!$K$2,$E$25:$E$267,Parameters!$M$3,Calendrier!$C$25:$C$267,DY10)+ COUNTIFS($D$25:$D$267,Parameters!$K$4,$E$25:$E$267,Parameters!$M$3,Calendrier!$C$25:$C$267,DY10)) | JQ10: =IF(DZ10="","",COUNTIFS($D$25:$D$267,Parameters!$K$2,$E$25:$E$267,Parameters!$M$3,Calendrier!$C$25:$C$267,DZ10)+ COUNTIFS($D$25:$D$267,Parameters!$K$3,$E$25:$E$267,Parameters!$M$3,Calendrier!$C$25:$C$267,DZ10)) | JR10: =IF(EA10="","",COUNTIFS($D$25:$D$267,Parameters!$K$2,$E$25:$E$267,Parameters!$M$3,Calendrier!$C$25:$C$267,EA10)+ COUNTIFS($D$25:$D$267,Parameters!$K$4,$E$25:$E$267,Parameters!$M$3,Calendrier!$C$25:$C$267,EA10)) | JS10: =IF(EB10="","",COUNTIFS($D$25:$D$267,Parameters!$K$2,$E$25:$E$267,Parameters!$M$3,Calendrier!$C$25:$C$267,EB10)+ COUNTIFS($D$25:$D$267,Parameters!$K$3,$E$25:$E$267,Parameters!$M$3,Calendrier!$C$25:$C$267,EB10)) | JT10: =IF(EC10="","",COUNTIFS($D$25:$D$267,Parameters!$K$2,$E$25:$E$267,Parameters!$M$3,Calendrier!$C$25:$C$267,EC10)+ COUNTIFS($D$25:$D$267,Parameters!$K$4,$E$25:$E$267,Parameters!$M$3,Calendrier!$C$25:$C$267,EC10)) | JU10: =IF(ED10="","",COUNTIFS($D$25:$D$267,Parameters!$K$2,$E$25:$E$267,Parameters!$M$3,Calendrier!$C$25:$C$267,ED10)+ COUNTIFS($D$25:$D$267,Parameters!$K$3,$E$25:$E$267,Parameters!$M$3,Calendrier!$C$25:$C$267,ED10)) | JV10: =IF(EE10="","",COUNTIFS($D$25:$D$267,Parameters!$K$2,$E$25:$E$267,Parameters!$M$3,Calendrier!$C$25:$C$267,EE10)+ COUNTIFS($D$25:$D$267,Parameters!$K$4,$E$25:$E$267,Parameters!$M$3,Calendrier!$C$25:$C$267,EE10)) | JW10: =IF(EF10="","",COUNTIFS($D$25:$D$267,Parameters!$K$2,$E$25:$E$267,Parameters!$M$3,Calendrier!$C$25:$C$267,EF10)+ COUNTIFS($D$25:$D$267,Parameters!$K$3,$E$25:$E$267,Parameters!$M$3,Calendrier!$C$25:$C$267,EF10)) | JX10: =IF(EG10="","",COUNTIFS($D$25:$D$267,Parameters!$K$2,$E$25:$E$267,Parameters!$M$3,Calendrier!$C$25:$C$267,EG10)+ COUNTIFS($D$25:$D$267,Parameters!$K$4,$E$25:$E$267,Parameters!$M$3,Calendrier!$C$25:$C$267,EG10)) | JY10: =IF(EH10="","",COUNTIFS($D$25:$D$267,Parameters!$K$2,$E$25:$E$267,Parameters!$M$3,Calendrier!$C$25:$C$267,EH10)+ COUNTIFS($D$25:$D$267,Parameters!$K$3,$E$25:$E$267,Parameters!$M$3,Calendrier!$C$25:$C$267,EH10)) | JZ10: =IF(EI10="","",COUNTIFS($D$25:$D$267,Parameters!$K$2,$E$25:$E$267,Parameters!$M$3,Calendrier!$C$25:$C$267,EI10)+ COUNTIFS($D$25:$D$267,Parameters!$K$4,$E$25:$E$267,Parameters!$M$3,Calendrier!$C$25:$C$267,EI10)) | KA10: =IF(EJ10="","",COUNTIFS($D$25:$D$267,Parameters!$K$2,$E$25:$E$267,Parameters!$M$3,Calendrier!$C$25:$C$267,EJ10)+ COUNTIFS($D$25:$D$267,Parameters!$K$3,$E$25:$E$267,Parameters!$M$3,Calendrier!$C$25:$C$267,EJ10)) -> 0 | KB10: =IF(EK10="","",COUNTIFS($D$25:$D$267,Parameters!$K$2,$E$25:$E$267,Parameters!$M$3,Calendrier!$C$25:$C$267,EK10)+ COUNTIFS($D$25:$D$267,Parameters!$K$4,$E$25:$E$267,Parameters!$M$3,Calendrier!$C$25:$C$267,EK10)) -> 0 | KE10: =IF(EN10="","",COUNTIFS($D$25:$D$267,Parameters!$K$2,$E$25:$E$267,Parameters!$M$3,Calendrier!$C$25:$C$267,EN10)+ COUNTIFS($D$25:$D$267,Parameters!$K$3,$E$25:$E$267,Parameters!$M$3,Calendrier!$C$25:$C$267,EN10)) | KF10: =IF(EO10="","",COUNTIFS($D$25:$D$267,Parameters!$K$2,$E$25:$E$267,Parameters!$M$3,Calendrier!$C$25:$C$267,EO10)+ COUNTIFS($D$25:$D$267,Parameters!$K$4,$E$25:$E$267,Parameters!$M$3,Calendrier!$C$25:$C$267,EO10)) | KG10: =IF(EP10="","",COUNTIFS($D$25:$D$267,Parameters!$K$2,$E$25:$E$267,Parameters!$M$3,Calendrier!$C$25:$C$267,EP10)+ COUNTIFS($D$25:$D$267,Parameters!$K$3,$E$25:$E$267,Parameters!$M$3,Calendrier!$C$25:$C$267,EP10)) | KH10: =IF(EQ10="","",COUNTIFS($D$25:$D$267,Parameters!$K$2,$E$25:$E$267,Parameters!$M$3,Calendrier!$C$25:$C$267,EQ10)+ COUNTIFS($D$25:$D$267,Parameters!$K$4,$E$25:$E$267,Parameters!$M$3,Calendrier!$C$25:$C$267,EQ10)) | KI10: =IF(ER10="","",COUNTIFS($D$25:$D$267,Parameters!$K$2,$E$25:$E$267,Parameters!$M$3,Calendrier!$C$25:$C$267,ER10)+ COUNTIFS($D$25:$D$267,Parameters!$K$3,$E$25:$E$267,Parameters!$M$3,Calendrier!$C$25:$C$267,ER10)) | KJ10: =IF(ES10="","",COUNTIFS($D$25:$D$267,Parameters!$K$2,$E$25:$E$267,Parameters!$M$3,Calendrier!$C$25:$C$267,ES10)+ COUNTIFS($D$25:$D$267,Parameters!$K$4,$E$25:$E$267,Parameters!$M$3,Calendrier!$C$25:$C$267,ES10)) | KK10: =IF(ET10="","",COUNTIFS($D$25:$D$267,Parameters!$K$2,$E$25:$E$267,Parameters!$M$3,Calendrier!$C$25:$C$267,ET10)+ COUNTIFS($D$25:$D$267,Parameters!$K$3,$E$25:$E$267,Parameters!$M$3,Calendrier!$C$25:$C$267,ET10)) | KL10: =IF(EU10="","",COUNTIFS($D$25:$D$267,Parameters!$K$2,$E$25:$E$267,Parameters!$M$3,Calendrier!$C$25:$C$267,EU10)+ COUNTIFS($D$25:$D$267,Parameters!$K$4,$E$25:$E$267,Parameters!$M$3,Calendrier!$C$25:$C$267,EU10)) | KM10: =IF(EV10="","",COUNTIFS($D$25:$D$267,Parameters!$K$2,$E$25:$E$267,Parameters!$M$3,Calendrier!$C$25:$C$267,EV10)+ COUNTIFS($D$25:$D$267,Parameters!$K$3,$E$25:$E$267,Parameters!$M$3,Calendrier!$C$25:$C$267,EV10)) | KN10: =IF(EW10="","",COUNTIFS($D$25:$D$267,Parameters!$K$2,$E$25:$E$267,Parameters!$M$3,Calendrier!$C$25:$C$267,EW10)+ COUNTIFS($D$25:$D$267,Parameters!$K$4,$E$25:$E$267,Parameters!$M$3,Calendrier!$C$25:$C$267,EW10)) | KO10: =IF(EX10="","",COUNTIFS($D$25:$D$267,Parameters!$K$2,$E$25:$E$267,Parameters!$M$3,Calendrier!$C$25:$C$267,EX10)+ COUNTIFS($D$25:$D$267,Parameters!$K$3,$E$25:$E$267,Parameters!$M$3,Calendrier!$C$25:$C$267,EX10)) | KP10: =IF(EY10="","",COUNTIFS($D$25:$D$267,Parameters!$K$2,$E$25:$E$267,Parameters!$M$3,Calendrier!$C$25:$C$267,EY10)+ COUNTIFS($D$25:$D$267,Parameters!$K$4,$E$25:$E$267,Parameters!$M$3,Calendrier!$C$25:$C$267,EY10)) | KQ10: =IF(EZ10="","",COUNTIFS($D$25:$D$267,Parameters!$K$2,$E$25:$E$267,Parameters!$M$3,Calendrier!$C$25:$C$267,EZ10)+ COUNTIFS($D$25:$D$267,Parameters!$K$3,$E$25:$E$267,Parameters!$M$3,Calendrier!$C$25:$C$267,EZ10)) -> 0 | KR10: =IF(FA10="","",COUNTIFS($D$25:$D$267,Parameters!$K$2,$E$25:$E$267,Parameters!$M$3,Calendrier!$C$25:$C$267,FA10)+ COUNTIFS($D$25:$D$267,Parameters!$K$4,$E$25:$E$267,Parameters!$M$3,Calendrier!$C$25:$C$267,FA10)) -> 0 | KV10: =IF(DH10="","",COUNTIFS($D$25:$D$267,Parameters!$K$2,$E$25:$E$267,Parameters!$M$4,Calendrier!$C$25:$C$267,DH10)+ COUNTIFS($D$25:$D$267,Parameters!$K$3,$E$25:$E$267,Parameters!$M$4,Calendrier!$C$25:$C$267,DH10)) | KW10: =IF(DI10="","",COUNTIFS($D$25:$D$267,Parameters!$K$2,$E$25:$E$267,Parameters!$M$4,Calendrier!$C$25:$C$267,DI10)+ COUNTIFS($D$25:$D$267,Parameters!$K$4,$E$25:$E$267,Parameters!$M$4,Calendrier!$C$25:$C$267,DI10)) | KX10: =IF(DJ10="","",COUNTIFS($D$25:$D$267,Parameters!$K$2,$E$25:$E$267,Parameters!$M$4,Calendrier!$C$25:$C$267,DJ10)+ COUNTIFS($D$25:$D$267,Parameters!$K$3,$E$25:$E$267,Parameters!$M$4,Calendrier!$C$25:$C$267,DJ10)) | KY10: =IF(DK10="","",COUNTIFS($D$25:$D$267,Parameters!$K$2,$E$25:$E$267,Parameters!$M$4,Calendrier!$C$25:$C$267,DK10)+ COUNTIFS($D$25:$D$267,Parameters!$K$4,$E$25:$E$267,Parameters!$M$4,Calendrier!$C$25:$C$267,DK10)) | KZ10: =IF(DL10="","",COUNTIFS($D$25:$D$267,Parameters!$K$2,$E$25:$E$267,Parameters!$M$4,Calendrier!$C$25:$C$267,DL10)+ COUNTIFS($D$25:$D$267,Parameters!$K$3,$E$25:$E$267,Parameters!$M$4,Calendrier!$C$25:$C$267,DL10)) | LA10: =IF(DM10="","",COUNTIFS($D$25:$D$267,Parameters!$K$2,$E$25:$E$267,Parameters!$M$4,Calendrier!$C$25:$C$267,DM10)+ COUNTIFS($D$25:$D$267,Parameters!$K$4,$E$25:$E$267,Parameters!$M$4,Calendrier!$C$25:$C$267,DM10)) | LB10: =IF(DN10="","",COUNTIFS($D$25:$D$267,Parameters!$K$2,$E$25:$E$267,Parameters!$M$4,Calendrier!$C$25:$C$267,DN10)+ COUNTIFS($D$25:$D$267,Parameters!$K$3,$E$25:$E$267,Parameters!$M$4,Calendrier!$C$25:$C$267,DN10)) -> 0 | LC10: =IF(DO10="","",COUNTIFS($D$25:$D$267,Parameters!$K$2,$E$25:$E$267,Parameters!$M$4,Calendrier!$C$25:$C$267,DO10)+ COUNTIFS($D$25:$D$267,Parameters!$K$4,$E$25:$E$267,Parameters!$M$4,Calendrier!$C$25:$C$267,DO10)) -> 0 | LD10: =IF(DP10="","",COUNTIFS($D$25:$D$267,Parameters!$K$2,$E$25:$E$267,Parameters!$M$4,Calendrier!$C$25:$C$267,DP10)+ COUNTIFS($D$25:$D$267,Parameters!$K$3,$E$25:$E$267,Parameters!$M$4,Calendrier!$C$25:$C$267,DP10)) -> 0 | LE10: =IF(DQ10="","",COUNTIFS($D$25:$D$267,Parameters!$K$2,$E$25:$E$267,Parameters!$M$4,Calendrier!$C$25:$C$267,DQ10)+ COUNTIFS($D$25:$D$267,Parameters!$K$4,$E$25:$E$267,Parameters!$M$4,Calendrier!$C$25:$C$267,DQ10)) -> 0 | LF10: =IF(DR10="","",COUNTIFS($D$25:$D$267,Parameters!$K$2,$E$25:$E$267,Parameters!$M$4,Calendrier!$C$25:$C$267,DR10)+ COUNTIFS($D$25:$D$267,Parameters!$K$3,$E$25:$E$267,Parameters!$M$4,Calendrier!$C$25:$C$267,DR10)) -> 0 | LG10: =IF(DS10="","",COUNTIFS($D$25:$D$267,Parameters!$K$2,$E$25:$E$267,Parameters!$M$4,Calendrier!$C$25:$C$267,DS10)+ COUNTIFS($D$25:$D$267,Parameters!$K$4,$E$25:$E$267,Parameters!$M$4,Calendrier!$C$25:$C$267,DS10)) -> 0 | LH10: =IF(DT10="","",COUNTIFS($D$25:$D$267,Parameters!$K$2,$E$25:$E$267,Parameters!$M$4,Calendrier!$C$25:$C$267,DT10)+ COUNTIFS($D$25:$D$267,Parameters!$K$3,$E$25:$E$267,Parameters!$M$4,Calendrier!$C$25:$C$267,DT10)) -> 0 | LI10: =IF(DU10="","",COUNTIFS($D$25:$D$267,Parameters!$K$2,$E$25:$E$267,Parameters!$M$4,Calendrier!$C$25:$C$267,DU10)+ COUNTIFS($D$25:$D$267,Parameters!$K$4,$E$25:$E$267,Parameters!$M$4,Calendrier!$C$25:$C$267,DU10)) -> 0 | LL10: =IF(DX10="","",COUNTIFS($D$25:$D$267,Parameters!$K$2,$E$25:$E$267,Parameters!$M$4,Calendrier!$C$25:$C$267,DX10)+ COUNTIFS($D$25:$D$267,Parameters!$K$3,$E$25:$E$267,Parameters!$M$4,Calendrier!$C$25:$C$267,DX10)) | LM10: =IF(DY10="","",COUNTIFS($D$25:$D$267,Parameters!$K$2,$E$25:$E$267,Parameters!$M$4,Calendrier!$C$25:$C$267,DY10)+ COUNTIFS($D$25:$D$267,Parameters!$K$4,$E$25:$E$267,Parameters!$M$4,Calendrier!$C$25:$C$267,DY10)) | LN10: =IF(DZ10="","",COUNTIFS($D$25:$D$267,Parameters!$K$2,$E$25:$E$267,Parameters!$M$4,Calendrier!$C$25:$C$267,DZ10)+ COUNTIFS($D$25:$D$267,Parameters!$K$3,$E$25:$E$267,Parameters!$M$4,Calendrier!$C$25:$C$267,DZ10)) | LO10: =IF(EA10="","",COUNTIFS($D$25:$D$267,Parameters!$K$2,$E$25:$E$267,Parameters!$M$4,Calendrier!$C$25:$C$267,EA10)+ COUNTIFS($D$25:$D$267,Parameters!$K$4,$E$25:$E$267,Parameters!$M$4,Calendrier!$C$25:$C$267,EA10)) | LP10: =IF(EB10="","",COUNTIFS($D$25:$D$267,Parameters!$K$2,$E$25:$E$267,Parameters!$M$4,Calendrier!$C$25:$C$267,EB10)+ COUNTIFS($D$25:$D$267,Parameters!$K$3,$E$25:$E$267,Parameters!$M$4,Calendrier!$C$25:$C$267,EB10)) | LQ10: =IF(EC10="","",COUNTIFS($D$25:$D$267,Parameters!$K$2,$E$25:$E$267,Parameters!$M$4,Calendrier!$C$25:$C$267,EC10)+ COUNTIFS($D$25:$D$267,Parameters!$K$4,$E$25:$E$267,Parameters!$M$4,Calendrier!$C$25:$C$267,EC10)) | LR10: =IF(ED10="","",COUNTIFS($D$25:$D$267,Parameters!$K$2,$E$25:$E$267,Parameters!$M$4,Calendrier!$C$25:$C$267,ED10)+ COUNTIFS($D$25:$D$267,Parameters!$K$3,$E$25:$E$267,Parameters!$M$4,Calendrier!$C$25:$C$267,ED10)) | LS10: =IF(EE10="","",COUNTIFS($D$25:$D$267,Parameters!$K$2,$E$25:$E$267,Parameters!$M$4,Calendrier!$C$25:$C$267,EE10)+ COUNTIFS($D$25:$D$267,Parameters!$K$4,$E$25:$E$267,Parameters!$M$4,Calendrier!$C$25:$C$267,EE10)) | LT10: =IF(EF10="","",COUNTIFS($D$25:$D$267,Parameters!$K$2,$E$25:$E$267,Parameters!$M$4,Calendrier!$C$25:$C$267,EF10)+ COUNTIFS($D$25:$D$267,Parameters!$K$3,$E$25:$E$267,Parameters!$M$4,Calendrier!$C$25:$C$267,EF10)) | LU10: =IF(EG10="","",COUNTIFS($D$25:$D$267,Parameters!$K$2,$E$25:$E$267,Parameters!$M$4,Calendrier!$C$25:$C$267,EG10)+ COUNTIFS($D$25:$D$267,Parameters!$K$4,$E$25:$E$267,Parameters!$M$4,Calendrier!$C$25:$C$267,EG10)) | LV10: =IF(EH10="","",COUNTIFS($D$25:$D$267,Parameters!$K$2,$E$25:$E$267,Parameters!$M$4,Calendrier!$C$25:$C$267,EH10)+ COUNTIFS($D$25:$D$267,Parameters!$K$3,$E$25:$E$267,Parameters!$M$4,Calendrier!$C$25:$C$267,EH10)) | LW10: =IF(EI10="","",COUNTIFS($D$25:$D$267,Parameters!$K$2,$E$25:$E$267,Parameters!$M$4,Calendrier!$C$25:$C$267,EI10)+ COUNTIFS($D$25:$D$267,Parameters!$K$4,$E$25:$E$267,Parameters!$M$4,Calendrier!$C$25:$C$267,EI10)) | LX10: =IF(EJ10="","",COUNTIFS($D$25:$D$267,Parameters!$K$2,$E$25:$E$267,Parameters!$M$4,Calendrier!$C$25:$C$267,EJ10)+ COUNTIFS($D$25:$D$267,Parameters!$K$3,$E$25:$E$267,Parameters!$M$4,Calendrier!$C$25:$C$267,EJ10)) -> 0 | LY10: =IF(EK10="","",COUNTIFS($D$25:$D$267,Parameters!$K$2,$E$25:$E$267,Parameters!$M$4,Calendrier!$C$25:$C$267,EK10)+ COUNTIFS($D$25:$D$267,Parameters!$K$4,$E$25:$E$267,Parameters!$M$4,Calendrier!$C$25:$C$267,EK10)) -> 0 | MB10: =IF(EN10="","",COUNTIFS($D$25:$D$267,Parameters!$K$2,$E$25:$E$267,Parameters!$M$4,Calendrier!$C$25:$C$267,EN10)+ COUNTIFS($D$25:$D$267,Parameters!$K$3,$E$25:$E$267,Parameters!$M$4,Calendrier!$C$25:$C$267,EN10)) | MC10: =IF(EO10="","",COUNTIFS($D$25:$D$267,Parameters!$K$2,$E$25:$E$267,Parameters!$M$4,Calendrier!$C$25:$C$267,EO10)+ COUNTIFS($D$25:$D$267,Parameters!$K$4,$E$25:$E$267,Parameters!$M$4,Calendrier!$C$25:$C$267,EO10)) | MD10: =IF(EP10="","",COUNTIFS($D$25:$D$267,Parameters!$K$2,$E$25:$E$267,Parameters!$M$4,Calendrier!$C$25:$C$267,EP10)+ COUNTIFS($D$25:$D$267,Parameters!$K$3,$E$25:$E$267,Parameters!$M$4,Calendrier!$C$25:$C$267,EP10)) | ME10: =IF(EQ10="","",COUNTIFS($D$25:$D$267,Parameters!$K$2,$E$25:$E$267,Parameters!$M$4,Calendrier!$C$25:$C$267,EQ10)+ COUNTIFS($D$25:$D$267,Parameters!$K$4,$E$25:$E$267,Parameters!$M$4,Calendrier!$C$25:$C$267,EQ10)) | MF10: =IF(ER10="","",COUNTIFS($D$25:$D$267,Parameters!$K$2,$E$25:$E$267,Parameters!$M$4,Calendrier!$C$25:$C$267,ER10)+ COUNTIFS($D$25:$D$267,Parameters!$K$3,$E$25:$E$267,Parameters!$M$4,Calendrier!$C$25:$C$267,ER10)) | MG10: =IF(ES10="","",COUNTIFS($D$25:$D$267,Parameters!$K$2,$E$25:$E$267,Parameters!$M$4,Calendrier!$C$25:$C$267,ES10)+ COUNTIFS($D$25:$D$267,Parameters!$K$4,$E$25:$E$267,Parameters!$M$4,Calendrier!$C$25:$C$267,ES10)) | MH10: =IF(ET10="","",COUNTIFS($D$25:$D$267,Parameters!$K$2,$E$25:$E$267,Parameters!$M$4,Calendrier!$C$25:$C$267,ET10)+ COUNTIFS($D$25:$D$267,Parameters!$K$3,$E$25:$E$267,Parameters!$M$4,Calendrier!$C$25:$C$267,ET10)) | MI10: =IF(EU10="","",COUNTIFS($D$25:$D$267,Parameters!$K$2,$E$25:$E$267,Parameters!$M$4,Calendrier!$C$25:$C$267,EU10)+ COUNTIFS($D$25:$D$267,Parameters!$K$4,$E$25:$E$267,Parameters!$M$4,Calendrier!$C$25:$C$267,EU10)) | MJ10: =IF(EV10="","",COUNTIFS($D$25:$D$267,Parameters!$K$2,$E$25:$E$267,Parameters!$M$4,Calendrier!$C$25:$C$267,EV10)+ COUNTIFS($D$25:$D$267,Parameters!$K$3,$E$25:$E$267,Parameters!$M$4,Calendrier!$C$25:$C$267,EV10)) | MK10: =IF(EW10="","",COUNTIFS($D$25:$D$267,Parameters!$K$2,$E$25:$E$267,Parameters!$M$4,Calendrier!$C$25:$C$267,EW10)+ COUNTIFS($D$25:$D$267,Parameters!$K$4,$E$25:$E$267,Parameters!$M$4,Calendrier!$C$25:$C$267,EW10)) | ML10: =IF(EX10="","",COUNTIFS($D$25:$D$267,Parameters!$K$2,$E$25:$E$267,Parameters!$M$4,Calendrier!$C$25:$C$267,EX10)+ COUNTIFS($D$25:$D$267,Parameters!$K$3,$E$25:$E$267,Parameters!$M$4,Calendrier!$C$25:$C$267,EX10)) | MM10: =IF(EY10="","",COUNTIFS($D$25:$D$267,Parameters!$K$2,$E$25:$E$267,Parameters!$M$4,Calendrier!$C$25:$C$267,EY10)+ COUNTIFS($D$25:$D$267,Parameters!$K$4,$E$25:$E$267,Parameters!$M$4,Calendrier!$C$25:$C$267,EY10)) | MN10: =IF(EZ10="","",COUNTIFS($D$25:$D$267,Parameters!$K$2,$E$25:$E$267,Parameters!$M$4,Calendrier!$C$25:$C$267,EZ10)+ COUNTIFS($D$25:$D$267,Parameters!$K$3,$E$25:$E$267,Parameters!$M$4,Calendrier!$C$25:$C$267,EZ10)) -> 0 | MO10: =IF(FA10="","",COUNTIFS($D$25:$D$267,Parameters!$K$2,$E$25:$E$267,Parameters!$M$4,Calendrier!$C$25:$C$267,FA10)+ COUNTIFS($D$25:$D$267,Parameters!$K$4,$E$25:$E$267,Parameters!$M$4,Calendrier!$C$25:$C$267,FA10)) -> 0 | MS10: =IF(DH10="","",COUNTIFS($D$25:$D$267,Parameters!$K$2,$E$25:$E$267,Parameters!$M$5,Calendrier!$C$25:$C$267,DH10)+ COUNTIFS($D$25:$D$267,Parameters!$K$3,$E$25:$E$267,Parameters!$M$5,Calendrier!$C$25:$C$267,DH10)) | MT10: =IF(DI10="","",COUNTIFS($D$25:$D$267,Parameters!$K$2,$E$25:$E$267,Parameters!$M$5,Calendrier!$C$25:$C$267,DI10)+ COUNTIFS($D$25:$D$267,Parameters!$K$4,$E$25:$E$267,Parameters!$M$5,Calendrier!$C$25:$C$267,DI10)) | MU10: =IF(DJ10="","",COUNTIFS($D$25:$D$267,Parameters!$K$2,$E$25:$E$267,Parameters!$M$5,Calendrier!$C$25:$C$267,DJ10)+ COUNTIFS($D$25:$D$267,Parameters!$K$3,$E$25:$E$267,Parameters!$M$5,Calendrier!$C$25:$C$267,DJ10)) | MV10: =IF(DK10="","",COUNTIFS($D$25:$D$267,Parameters!$K$2,$E$25:$E$267,Parameters!$M$5,Calendrier!$C$25:$C$267,DK10)+ COUNTIFS($D$25:$D$267,Parameters!$K$4,$E$25:$E$267,Parameters!$M$5,Calendrier!$C$25:$C$267,DK10)) | MW10: =IF(DL10="","",COUNTIFS($D$25:$D$267,Parameters!$K$2,$E$25:$E$267,Parameters!$M$5,Calendrier!$C$25:$C$267,DL10)+ COUNTIFS($D$25:$D$267,Parameters!$K$3,$E$25:$E$267,Parameters!$M$5,Calendrier!$C$25:$C$267,DL10)) | MX10: =IF(DM10="","",COUNTIFS($D$25:$D$267,Parameters!$K$2,$E$25:$E$267,Parameters!$M$5,Calendrier!$C$25:$C$267,DM10)+ COUNTIFS($D$25:$D$267,Parameters!$K$4,$E$25:$E$267,Parameters!$M$5,Calendrier!$C$25:$C$267,DM10)) | MY10: =IF(DN10="","",COUNTIFS($D$25:$D$267,Parameters!$K$2,$E$25:$E$267,Parameters!$M$5,Calendrier!$C$25:$C$267,DN10)+ COUNTIFS($D$25:$D$267,Parameters!$K$3,$E$25:$E$267,Parameters!$M$5,Calendrier!$C$25:$C$267,DN10)) -> 0 | MZ10: =IF(DO10="","",COUNTIFS($D$25:$D$267,Parameters!$K$2,$E$25:$E$267,Parameters!$M$5,Calendrier!$C$25:$C$267,DO10)+ COUNTIFS($D$25:$D$267,Parameters!$K$4,$E$25:$E$267,Parameters!$M$5,Calendrier!$C$25:$C$267,DO10)) -> 0 | NA10: =IF(DP10="","",COUNTIFS($D$25:$D$267,Parameters!$K$2,$E$25:$E$267,Parameters!$M$5,Calendrier!$C$25:$C$267,DP10)+ COUNTIFS($D$25:$D$267,Parameters!$K$3,$E$25:$E$267,Parameters!$M$5,Calendrier!$C$25:$C$267,DP10)) -> 0 | NB10: =IF(DQ10="","",COUNTIFS($D$25:$D$267,Parameters!$K$2,$E$25:$E$267,Parameters!$M$5,Calendrier!$C$25:$C$267,DQ10)+ COUNTIFS($D$25:$D$267,Parameters!$K$4,$E$25:$E$267,Parameters!$M$5,Calendrier!$C$25:$C$267,DQ10)) -> 0 | NC10: =IF(DR10="","",COUNTIFS($D$25:$D$267,Parameters!$K$2,$E$25:$E$267,Parameters!$M$5,Calendrier!$C$25:$C$267,DR10)+ COUNTIFS($D$25:$D$267,Parameters!$K$3,$E$25:$E$267,Parameters!$M$5,Calendrier!$C$25:$C$267,DR10)) -> 0 | ND10: =IF(DS10="","",COUNTIFS($D$25:$D$267,Parameters!$K$2,$E$25:$E$267,Parameters!$M$5,Calendrier!$C$25:$C$267,DS10)+ COUNTIFS($D$25:$D$267,Parameters!$K$4,$E$25:$E$267,Parameters!$M$5,Calendrier!$C$25:$C$267,DS10)) -> 0 | NE10: =IF(DT10="","",COUNTIFS($D$25:$D$267,Parameters!$K$2,$E$25:$E$267,Parameters!$M$5,Calendrier!$C$25:$C$267,DT10)+ COUNTIFS($D$25:$D$267,Parameters!$K$3,$E$25:$E$267,Parameters!$M$5,Calendrier!$C$25:$C$267,DT10)) -> 0 | NF10: =IF(DU10="","",COUNTIFS($D$25:$D$267,Parameters!$K$2,$E$25:$E$267,Parameters!$M$5,Calendrier!$C$25:$C$267,DU10)+ COUNTIFS($D$25:$D$267,Parameters!$K$4,$E$25:$E$267,Parameters!$M$5,Calendrier!$C$25:$C$267,DU10)) -> 0 | NI10: =IF(DX10="","",COUNTIFS($D$25:$D$267,Parameters!$K$2,$E$25:$E$267,Parameters!$M$5,Calendrier!$C$25:$C$267,DX10)+ COUNTIFS($D$25:$D$267,Parameters!$K$3,$E$25:$E$267,Parameters!$M$5,Calendrier!$C$25:$C$267,DX10)) | NJ10: =IF(DY10="","",COUNTIFS($D$25:$D$267,Parameters!$K$2,$E$25:$E$267,Parameters!$M$5,Calendrier!$C$25:$C$267,DY10)+ COUNTIFS($D$25:$D$267,Parameters!$K$4,$E$25:$E$267,Parameters!$M$5,Calendrier!$C$25:$C$267,DY10)) | NK10: =IF(DZ10="","",COUNTIFS($D$25:$D$267,Parameters!$K$2,$E$25:$E$267,Parameters!$M$5,Calendrier!$C$25:$C$267,DZ10)+ COUNTIFS($D$25:$D$267,Parameters!$K$3,$E$25:$E$267,Parameters!$M$5,Calendrier!$C$25:$C$267,DZ10)) | NL10: =IF(EA10="","",COUNTIFS($D$25:$D$267,Parameters!$K$2,$E$25:$E$267,Parameters!$M$5,Calendrier!$C$25:$C$267,EA10)+ COUNTIFS($D$25:$D$267,Parameters!$K$4,$E$25:$E$267,Parameters!$M$5,Calendrier!$C$25:$C$267,EA10)) | NM10: =IF(EB10="","",COUNTIFS($D$25:$D$267,Parameters!$K$2,$E$25:$E$267,Parameters!$M$5,Calendrier!$C$25:$C$267,EB10)+ COUNTIFS($D$25:$D$267,Parameters!$K$3,$E$25:$E$267,Parameters!$M$5,Calendrier!$C$25:$C$267,EB10)) | NN10: =IF(EC10="","",COUNTIFS($D$25:$D$267,Parameters!$K$2,$E$25:$E$267,Parameters!$M$5,Calendrier!$C$25:$C$267,EC10)+ COUNTIFS($D$25:$D$267,Parameters!$K$4,$E$25:$E$267,Parameters!$M$5,Calendrier!$C$25:$C$267,EC10)) | NO10: =IF(ED10="","",COUNTIFS($D$25:$D$267,Parameters!$K$2,$E$25:$E$267,Parameters!$M$5,Calendrier!$C$25:$C$267,ED10)+ COUNTIFS($D$25:$D$267,Parameters!$K$3,$E$25:$E$267,Parameters!$M$5,Calendrier!$C$25:$C$267,ED10)) | NP10: =IF(EE10="","",COUNTIFS($D$25:$D$267,Parameters!$K$2,$E$25:$E$267,Parameters!$M$5,Calendrier!$C$25:$C$267,EE10)+ COUNTIFS($D$25:$D$267,Parameters!$K$4,$E$25:$E$267,Parameters!$M$5,Calendrier!$C$25:$C$267,EE10)) | NQ10: =IF(EF10="","",COUNTIFS($D$25:$D$267,Parameters!$K$2,$E$25:$E$267,Parameters!$M$5,Calendrier!$C$25:$C$267,EF10)+ COUNTIFS($D$25:$D$267,Parameters!$K$3,$E$25:$E$267,Parameters!$M$5,Calendrier!$C$25:$C$267,EF10)) | NR10: =IF(EG10="","",COUNTIFS($D$25:$D$267,Parameters!$K$2,$E$25:$E$267,Parameters!$M$5,Calendrier!$C$25:$C$267,EG10)+ COUNTIFS($D$25:$D$267,Parameters!$K$4,$E$25:$E$267,Parameters!$M$5,Calendrier!$C$25:$C$267,EG10)) | NS10: =IF(EH10="","",COUNTIFS($D$25:$D$267,Parameters!$K$2,$E$25:$E$267,Parameters!$M$5,Calendrier!$C$25:$C$267,EH10)+ COUNTIFS($D$25:$D$267,Parameters!$K$3,$E$25:$E$267,Parameters!$M$5,Calendrier!$C$25:$C$267,EH10)) | NT10: =IF(EI10="","",COUNTIFS($D$25:$D$267,Parameters!$K$2,$E$25:$E$267,Parameters!$M$5,Calendrier!$C$25:$C$267,EI10)+ COUNTIFS($D$25:$D$267,Parameters!$K$4,$E$25:$E$267,Parameters!$M$5,Calendrier!$C$25:$C$267,EI10)) | NU10: =IF(EJ10="","",COUNTIFS($D$25:$D$267,Parameters!$K$2,$E$25:$E$267,Parameters!$M$5,Calendrier!$C$25:$C$267,EJ10)+ COUNTIFS($D$25:$D$267,Parameters!$K$3,$E$25:$E$267,Parameters!$M$5,Calendrier!$C$25:$C$267,EJ10)) -> 0 | NV10: =IF(EK10="","",COUNTIFS($D$25:$D$267,Parameters!$K$2,$E$25:$E$267,Parameters!$M$5,Calendrier!$C$25:$C$267,EK10)+ COUNTIFS($D$25:$D$267,Parameters!$K$4,$E$25:$E$267,Parameters!$M$5,Calendrier!$C$25:$C$267,EK10)) -> 0 | NY10: =IF(EN10="","",COUNTIFS($D$25:$D$267,Parameters!$K$2,$E$25:$E$267,Parameters!$M$5,Calendrier!$C$25:$C$267,EN10)+ COUNTIFS($D$25:$D$267,Parameters!$K$3,$E$25:$E$267,Parameters!$M$5,Calendrier!$C$25:$C$267,EN10)) | NZ10: =IF(EO10="","",COUNTIFS($D$25:$D$267,Parameters!$K$2,$E$25:$E$267,Parameters!$M$5,Calendrier!$C$25:$C$267,EO10)+ COUNTIFS($D$25:$D$267,Parameters!$K$4,$E$25:$E$267,Parameters!$M$5,Calendrier!$C$25:$C$267,EO10)) | OA10: =IF(EP10="","",COUNTIFS($D$25:$D$267,Parameters!$K$2,$E$25:$E$267,Parameters!$M$5,Calendrier!$C$25:$C$267,EP10)+ COUNTIFS($D$25:$D$267,Parameters!$K$3,$E$25:$E$267,Parameters!$M$5,Calendrier!$C$25:$C$267,EP10)) | OB10: =IF(EQ10="","",COUNTIFS($D$25:$D$267,Parameters!$K$2,$E$25:$E$267,Parameters!$M$5,Calendrier!$C$25:$C$267,EQ10)+ COUNTIFS($D$25:$D$267,Parameters!$K$4,$E$25:$E$267,Parameters!$M$5,Calendrier!$C$25:$C$267,EQ10)) | OC10: =IF(ER10="","",COUNTIFS($D$25:$D$267,Parameters!$K$2,$E$25:$E$267,Parameters!$M$5,Calendrier!$C$25:$C$267,ER10)+ COUNTIFS($D$25:$D$267,Parameters!$K$3,$E$25:$E$267,Parameters!$M$5,Calendrier!$C$25:$C$267,ER10)) | OD10: =IF(ES10="","",COUNTIFS($D$25:$D$267,Parameters!$K$2,$E$25:$E$267,Parameters!$M$5,Calendrier!$C$25:$C$267,ES10)+ COUNTIFS($D$25:$D$267,Parameters!$K$4,$E$25:$E$267,Parameters!$M$5,Calendrier!$C$25:$C$267,ES10)) | OE10: =IF(ET10="","",COUNTIFS($D$25:$D$267,Parameters!$K$2,$E$25:$E$267,Parameters!$M$5,Calendrier!$C$25:$C$267,ET10)+ COUNTIFS($D$25:$D$267,Parameters!$K$3,$E$25:$E$267,Parameters!$M$5,Calendrier!$C$25:$C$267,ET10)) | OF10: =IF(EU10="","",COUNTIFS($D$25:$D$267,Parameters!$K$2,$E$25:$E$267,Parameters!$M$5,Calendrier!$C$25:$C$267,EU10)+ COUNTIFS($D$25:$D$267,Parameters!$K$4,$E$25:$E$267,Parameters!$M$5,Calendrier!$C$25:$C$267,EU10)) | OG10: =IF(EV10="","",COUNTIFS($D$25:$D$267,Parameters!$K$2,$E$25:$E$267,Parameters!$M$5,Calendrier!$C$25:$C$267,EV10)+ COUNTIFS($D$25:$D$267,Parameters!$K$3,$E$25:$E$267,Parameters!$M$5,Calendrier!$C$25:$C$267,EV10)) | OH10: =IF(EW10="","",COUNTIFS($D$25:$D$267,Parameters!$K$2,$E$25:$E$267,Parameters!$M$5,Calendrier!$C$25:$C$267,EW10)+ COUNTIFS($D$25:$D$267,Parameters!$K$4,$E$25:$E$267,Parameters!$M$5,Calendrier!$C$25:$C$267,EW10)) | OI10: =IF(EX10="","",COUNTIFS($D$25:$D$267,Parameters!$K$2,$E$25:$E$267,Parameters!$M$5,Calendrier!$C$25:$C$267,EX10)+ COUNTIFS($D$25:$D$267,Parameters!$K$3,$E$25:$E$267,Parameters!$M$5,Calendrier!$C$25:$C$267,EX10)) | OJ10: =IF(EY10="","",COUNTIFS($D$25:$D$267,Parameters!$K$2,$E$25:$E$267,Parameters!$M$5,Calendrier!$C$25:$C$267,EY10)+ COUNTIFS($D$25:$D$267,Parameters!$K$4,$E$25:$E$267,Parameters!$M$5,Calendrier!$C$25:$C$267,EY10)) | OK10: =IF(EZ10="","",COUNTIFS($D$25:$D$267,Parameters!$K$2,$E$25:$E$267,Parameters!$M$5,Calendrier!$C$25:$C$267,EZ10)+ COUNTIFS($D$25:$D$267,Parameters!$K$3,$E$25:$E$267,Parameters!$M$5,Calendrier!$C$25:$C$267,EZ10)) -> 0 | OL10: =IF(FA10="","",COUNTIFS($D$25:$D$267,Parameters!$K$2,$E$25:$E$267,Parameters!$M$5,Calendrier!$C$25:$C$267,FA10)+ COUNTIFS($D$25:$D$267,Parameters!$K$4,$E$25:$E$267,Parameters!$M$5,Calendrier!$C$25:$C$267,FA10)) -> 0 | OP10: =IF(DH10="","",COUNTIFS(Parameters!$Y:$Y,$BF$4,Parameters!$X:$X,DH10)) | OQ10: =IF(DI10="","",COUNTIFS(Parameters!$Y:$Y,$BF$4,Parameters!$X:$X,DI10)) | OR10: =IF(DJ10="","",COUNTIFS(Parameters!$Y:$Y,$BF$4,Parameters!$X:$X,DJ10)) | OS10: =IF(DK10="","",COUNTIFS(Parameters!$Y:$Y,$BF$4,Parameters!$X:$X,DK10)) | OT10: =IF(DL10="","",COUNTIFS(Parameters!$Y:$Y,$BF$4,Parameters!$X:$X,DL10)) | OU10: =IF(DM10="","",COUNTIFS(Parameters!$Y:$Y,$BF$4,Parameters!$X:$X,DM10)) | OV10: =IF(DN10="","",COUNTIFS(Parameters!$Y:$Y,$BF$4,Parameters!$X:$X,DN10)) -> 1 | OW10: =IF(DO10="","",COUNTIFS(Parameters!$Y:$Y,$BF$4,Parameters!$X:$X,DO10)) -> 1 | ... PC10: =IF(DU10="","",COUNTIFS(Parameters!$Y:$Y,$BF$4,Parameters!$X:$X,DU10)) -> 1 | PF10: =IF(DX10="","",COUNTIFS(Parameters!$Y:$Y,$BF$4,Parameters!$X:$X,DX10)) | PG10: =IF(DY10="","",COUNTIFS(Parameters!$Y:$Y,$BF$4,Parameters!$X:$X,DY10)) | PH10: =IF(DZ10="","",COUNTIFS(Parameters!$Y:$Y,$BF$4,Parameters!$X:$X,DZ10)) | PI10: =IF(EA10="","",COUNTIFS(Parameters!$Y:$Y,$BF$4,Parameters!$X:$X,EA10)) | PJ10: =IF(EB10="","",COUNTIFS(Parameters!$Y:$Y,$BF$4,Parameters!$X:$X,EB10)) | PK10: =IF(EC10="","",COUNTIFS(Parameters!$Y:$Y,$BF$4,Parameters!$X:$X,EC10)) | PL10: =IF(ED10="","",COUNTIFS(Parameters!$Y:$Y,$BF$4,Parameters!$X:$X,ED10)) | PM10: =IF(EE10="","",COUNTIFS(Parameters!$Y:$Y,$BF$4,Parameters!$X:$X,EE10)) | ... PS10: =IF(EK10="","",COUNTIFS(Parameters!$Y:$Y,$BF$4,Parameters!$X:$X,EK10)) -> 0 | PV10: =IF(EN10="","",COUNTIFS(Parameters!$Y:$Y,$BF$4,Parameters!$X:$X,EN10)) | PW10: =IF(EO10="","",COUNTIFS(Parameters!$Y:$Y,$BF$4,Parameters!$X:$X,EO10)) | PX10: =IF(EP10="","",COUNTIFS(Parameters!$Y:$Y,$BF$4,Parameters!$X:$X,EP10)) | PY10: =IF(EQ10="","",COUNTIFS(Parameters!$Y:$Y,$BF$4,Parameters!$X:$X,EQ10)) | PZ10: =IF(ER10="","",COUNTIFS(Parameters!$Y:$Y,$BF$4,Parameters!$X:$X,ER10)) | QA10: =IF(ES10="","",COUNTIFS(Parameters!$Y:$Y,$BF$4,Parameters!$X:$X,ES10)) | QB10: =IF(ET10="","",COUNTIFS(Parameters!$Y:$Y,$BF$4,Parameters!$X:$X,ET10)) | QC10: =IF(EU10="","",COUNTIFS(Parameters!$Y:$Y,$BF$4,Parameters!$X:$X,EU10)) | ... QI10: =IF(FA10="","",COUNTIFS(Parameters!$Y:$Y,$BF$4,Parameters!$X:$X,FA10)) -> 1 | QN10: =IF(DH10="","",COUNTIFS($D$25:$D$267,Parameters!$K$2,$E$25:$E$267,Parameters!$M$6,Calendrier!$C$25:$C$267,DH10)+ COUNTIFS($D$25:$D$267,Parameters!$K$3,$E$25:$E$267,Parameters!$M$6,Calendrier!$C$25:$C$267,DH10)) | QO10: =IF(DI10="","",COUNTIFS($D$25:$D$267,Parameters!$K$2,$E$25:$E$267,Parameters!$M$6,Calendrier!$C$25:$C$267,DI10)+ COUNTIFS($D$25:$D$267,Parameters!$K$4,$E$25:$E$267,Parameters!$M$6,Calendrier!$C$25:$C$267,DI10)) | QP10: =IF(DJ10="","",COUNTIFS($D$25:$D$267,Parameters!$K$2,$E$25:$E$267,Parameters!$M$6,Calendrier!$C$25:$C$267,DJ10)+ COUNTIFS($D$25:$D$267,Parameters!$K$3,$E$25:$E$267,Parameters!$M$6,Calendrier!$C$25:$C$267,DJ10)) | QQ10: =IF(DK10="","",COUNTIFS($D$25:$D$267,Parameters!$K$2,$E$25:$E$267,Parameters!$M$6,Calendrier!$C$25:$C$267,DK10)+ COUNTIFS($D$25:$D$267,Parameters!$K$4,$E$25:$E$267,Parameters!$M$6,Calendrier!$C$25:$C$267,DK10)) | QR10: =IF(DL10="","",COUNTIFS($D$25:$D$267,Parameters!$K$2,$E$25:$E$267,Parameters!$M$6,Calendrier!$C$25:$C$267,DL10)+ COUNTIFS($D$25:$D$267,Parameters!$K$3,$E$25:$E$267,Parameters!$M$6,Calendrier!$C$25:$C$267,DL10)) | QS10: =IF(DM10="","",COUNTIFS($D$25:$D$267,Parameters!$K$2,$E$25:$E$267,Parameters!$M$6,Calendrier!$C$25:$C$267,DM10)+ COUNTIFS($D$25:$D$267,Parameters!$K$4,$E$25:$E$267,Parameters!$M$6,Calendrier!$C$25:$C$267,DM10)) | QT10: =IF(DN10="","",COUNTIFS($D$25:$D$267,Parameters!$K$2,$E$25:$E$267,Parameters!$M$6,Calendrier!$C$25:$C$267,DN10)+ COUNTIFS($D$25:$D$267,Parameters!$K$3,$E$25:$E$267,Parameters!$M$6,Calendrier!$C$25:$C$267,DN10)) -> 0 | QU10: =IF(DO10="","",COUNTIFS($D$25:$D$267,Parameters!$K$2,$E$25:$E$267,Parameters!$M$6,Calendrier!$C$25:$C$267,DO10)+ COUNTIFS($D$25:$D$267,Parameters!$K$4,$E$25:$E$267,Parameters!$M$6,Calendrier!$C$25:$C$267,DO10)) -> 0 | QV10: =IF(DP10="","",COUNTIFS($D$25:$D$267,Parameters!$K$2,$E$25:$E$267,Parameters!$M$6,Calendrier!$C$25:$C$267,DP10)+ COUNTIFS($D$25:$D$267,Parameters!$K$3,$E$25:$E$267,Parameters!$M$6,Calendrier!$C$25:$C$267,DP10)) -> 0 | QW10: =IF(DQ10="","",COUNTIFS($D$25:$D$267,Parameters!$K$2,$E$25:$E$267,Parameters!$M$6,Calendrier!$C$25:$C$267,DQ10)+ COUNTIFS($D$25:$D$267,Parameters!$K$4,$E$25:$E$267,Parameters!$M$6,Calendrier!$C$25:$C$267,DQ10)) -> 0 | QX10: =IF(DR10="","",COUNTIFS($D$25:$D$267,Parameters!$K$2,$E$25:$E$267,Parameters!$M$6,Calendrier!$C$25:$C$267,DR10)+ COUNTIFS($D$25:$D$267,Parameters!$K$3,$E$25:$E$267,Parameters!$M$6,Calendrier!$C$25:$C$267,DR10)) -> 0 | QY10: =IF(DS10="","",COUNTIFS($D$25:$D$267,Parameters!$K$2,$E$25:$E$267,Parameters!$M$6,Calendrier!$C$25:$C$267,DS10)+ COUNTIFS($D$25:$D$267,Parameters!$K$4,$E$25:$E$267,Parameters!$M$6,Calendrier!$C$25:$C$267,DS10)) -> 0 | QZ10: =IF(DT10="","",COUNTIFS($D$25:$D$267,Parameters!$K$2,$E$25:$E$267,Parameters!$M$6,Calendrier!$C$25:$C$267,DT10)+ COUNTIFS($D$25:$D$267,Parameters!$K$3,$E$25:$E$267,Parameters!$M$6,Calendrier!$C$25:$C$267,DT10)) -> 0 | RA10: =IF(DU10="","",COUNTIFS($D$25:$D$267,Parameters!$K$2,$E$25:$E$267,Parameters!$M$6,Calendrier!$C$25:$C$267,DU10)+ COUNTIFS($D$25:$D$267,Parameters!$K$4,$E$25:$E$267,Parameters!$M$6,Calendrier!$C$25:$C$267,DU10)) -> 0 | RD10: =IF(DX10="","",COUNTIFS($D$25:$D$267,Parameters!$K$2,$E$25:$E$267,Parameters!$M$6,Calendrier!$C$25:$C$267,DX10)+ COUNTIFS($D$25:$D$267,Parameters!$K$3,$E$25:$E$267,Parameters!$M$6,Calendrier!$C$25:$C$267,DX10)) | RE10: =IF(DY10="","",COUNTIFS($D$25:$D$267,Parameters!$K$2,$E$25:$E$267,Parameters!$M$6,Calendrier!$C$25:$C$267,DY10)+ COUNTIFS($D$25:$D$267,Parameters!$K$4,$E$25:$E$267,Parameters!$M$6,Calendrier!$C$25:$C$267,DY10)) | RF10: =IF(DZ10="","",COUNTIFS($D$25:$D$267,Parameters!$K$2,$E$25:$E$267,Parameters!$M$6,Calendrier!$C$25:$C$267,DZ10)+ COUNTIFS($D$25:$D$267,Parameters!$K$3,$E$25:$E$267,Parameters!$M$6,Calendrier!$C$25:$C$267,DZ10)) | RG10: =IF(EA10="","",COUNTIFS($D$25:$D$267,Parameters!$K$2,$E$25:$E$267,Parameters!$M$6,Calendrier!$C$25:$C$267,EA10)+ COUNTIFS($D$25:$D$267,Parameters!$K$4,$E$25:$E$267,Parameters!$M$6,Calendrier!$C$25:$C$267,EA10)) | RH10: =IF(EB10="","",COUNTIFS($D$25:$D$267,Parameters!$K$2,$E$25:$E$267,Parameters!$M$6,Calendrier!$C$25:$C$267,EB10)+ COUNTIFS($D$25:$D$267,Parameters!$K$3,$E$25:$E$267,Parameters!$M$6,Calendrier!$C$25:$C$267,EB10)) | RI10: =IF(EC10="","",COUNTIFS($D$25:$D$267,Parameters!$K$2,$E$25:$E$267,Parameters!$M$6,Calendrier!$C$25:$C$267,EC10)+ COUNTIFS($D$25:$D$267,Parameters!$K$4,$E$25:$E$267,Parameters!$M$6,Calendrier!$C$25:$C$267,EC10)) | RJ10: =IF(ED10="","",COUNTIFS($D$25:$D$267,Parameters!$K$2,$E$25:$E$267,Parameters!$M$6,Calendrier!$C$25:$C$267,ED10)+ COUNTIFS($D$25:$D$267,Parameters!$K$3,$E$25:$E$267,Parameters!$M$6,Calendrier!$C$25:$C$267,ED10)) | RK10: =IF(EE10="","",COUNTIFS($D$25:$D$267,Parameters!$K$2,$E$25:$E$267,Parameters!$M$6,Calendrier!$C$25:$C$267,EE10)+ COUNTIFS($D$25:$D$267,Parameters!$K$4,$E$25:$E$267,Parameters!$M$6,Calendrier!$C$25:$C$267,EE10)) | RL10: =IF(EF10="","",COUNTIFS($D$25:$D$267,Parameters!$K$2,$E$25:$E$267,Parameters!$M$6,Calendrier!$C$25:$C$267,EF10)+ COUNTIFS($D$25:$D$267,Parameters!$K$3,$E$25:$E$267,Parameters!$M$6,Calendrier!$C$25:$C$267,EF10)) | RM10: =IF(EG10="","",COUNTIFS($D$25:$D$267,Parameters!$K$2,$E$25:$E$267,Parameters!$M$6,Calendrier!$C$25:$C$267,EG10)+ COUNTIFS($D$25:$D$267,Parameters!$K$4,$E$25:$E$267,Parameters!$M$6,Calendrier!$C$25:$C$267,EG10)) | RN10: =IF(EH10="","",COUNTIFS($D$25:$D$267,Parameters!$K$2,$E$25:$E$267,Parameters!$M$6,Calendrier!$C$25:$C$267,EH10)+ COUNTIFS($D$25:$D$267,Parameters!$K$3,$E$25:$E$267,Parameters!$M$6,Calendrier!$C$25:$C$267,EH10)) | RO10: =IF(EI10="","",COUNTIFS($D$25:$D$267,Parameters!$K$2,$E$25:$E$267,Parameters!$M$6,Calendrier!$C$25:$C$267,EI10)+ COUNTIFS($D$25:$D$267,Parameters!$K$4,$E$25:$E$267,Parameters!$M$6,Calendrier!$C$25:$C$267,EI10)) | RP10: =IF(EJ10="","",COUNTIFS($D$25:$D$267,Parameters!$K$2,$E$25:$E$267,Parameters!$M$6,Calendrier!$C$25:$C$267,EJ10)+ COUNTIFS($D$25:$D$267,Parameters!$K$3,$E$25:$E$267,Parameters!$M$6,Calendrier!$C$25:$C$267,EJ10)) -> 0 | RQ10: =IF(EK10="","",COUNTIFS($D$25:$D$267,Parameters!$K$2,$E$25:$E$267,Parameters!$M$6,Calendrier!$C$25:$C$267,EK10)+ COUNTIFS($D$25:$D$267,Parameters!$K$4,$E$25:$E$267,Parameters!$M$6,Calendrier!$C$25:$C$267,EK10)) -> 0 | RT10: =IF(EN10="","",COUNTIFS($D$25:$D$267,Parameters!$K$2,$E$25:$E$267,Parameters!$M$6,Calendrier!$C$25:$C$267,EN10)+ COUNTIFS($D$25:$D$267,Parameters!$K$3,$E$25:$E$267,Parameters!$M$6,Calendrier!$C$25:$C$267,EN10)) | RU10: =IF(EO10="","",COUNTIFS($D$25:$D$267,Parameters!$K$2,$E$25:$E$267,Parameters!$M$6,Calendrier!$C$25:$C$267,EO10)+ COUNTIFS($D$25:$D$267,Parameters!$K$4,$E$25:$E$267,Parameters!$M$6,Calendrier!$C$25:$C$267,EO10)) | RV10: =IF(EP10="","",COUNTIFS($D$25:$D$267,Parameters!$K$2,$E$25:$E$267,Parameters!$M$6,Calendrier!$C$25:$C$267,EP10)+ COUNTIFS($D$25:$D$267,Parameters!$K$3,$E$25:$E$267,Parameters!$M$6,Calendrier!$C$25:$C$267,EP10)) | RW10: =IF(EQ10="","",COUNTIFS($D$25:$D$267,Parameters!$K$2,$E$25:$E$267,Parameters!$M$6,Calendrier!$C$25:$C$267,EQ10)+ COUNTIFS($D$25:$D$267,Parameters!$K$4,$E$25:$E$267,Parameters!$M$6,Calendrier!$C$25:$C$267,EQ10)) | RX10: =IF(ER10="","",COUNTIFS($D$25:$D$267,Parameters!$K$2,$E$25:$E$267,Parameters!$M$6,Calendrier!$C$25:$C$267,ER10)+ COUNTIFS($D$25:$D$267,Parameters!$K$3,$E$25:$E$267,Parameters!$M$6,Calendrier!$C$25:$C$267,ER10)) | RY10: =IF(ES10="","",COUNTIFS($D$25:$D$267,Parameters!$K$2,$E$25:$E$267,Parameters!$M$6,Calendrier!$C$25:$C$267,ES10)+ COUNTIFS($D$25:$D$267,Parameters!$K$4,$E$25:$E$267,Parameters!$M$6,Calendrier!$C$25:$C$267,ES10)) | RZ10: =IF(ET10="","",COUNTIFS($D$25:$D$267,Parameters!$K$2,$E$25:$E$267,Parameters!$M$6,Calendrier!$C$25:$C$267,ET10)+ COUNTIFS($D$25:$D$267,Parameters!$K$3,$E$25:$E$267,Parameters!$M$6,Calendrier!$C$25:$C$267,ET10)) | SA10: =IF(EU10="","",COUNTIFS($D$25:$D$267,Parameters!$K$2,$E$25:$E$267,Parameters!$M$6,Calendrier!$C$25:$C$267,EU10)+ COUNTIFS($D$25:$D$267,Parameters!$K$4,$E$25:$E$267,Parameters!$M$6,Calendrier!$C$25:$C$267,EU10)) | SB10: =IF(EV10="","",COUNTIFS($D$25:$D$267,Parameters!$K$2,$E$25:$E$267,Parameters!$M$6,Calendrier!$C$25:$C$267,EV10)+ COUNTIFS($D$25:$D$267,Parameters!$K$3,$E$25:$E$267,Parameters!$M$6,Calendrier!$C$25:$C$267,EV10)) | SC10: =IF(EW10="","",COUNTIFS($D$25:$D$267,Parameters!$K$2,$E$25:$E$267,Parameters!$M$6,Calendrier!$C$25:$C$267,EW10)+ COUNTIFS($D$25:$D$267,Parameters!$K$4,$E$25:$E$267,Parameters!$M$6,Calendrier!$C$25:$C$267,EW10)) | SD10: =IF(EX10="","",COUNTIFS($D$25:$D$267,Parameters!$K$2,$E$25:$E$267,Parameters!$M$6,Calendrier!$C$25:$C$267,EX10)+ COUNTIFS($D$25:$D$267,Parameters!$K$3,$E$25:$E$267,Parameters!$M$6,Calendrier!$C$25:$C$267,EX10)) | SE10: =IF(EY10="","",COUNTIFS($D$25:$D$267,Parameters!$K$2,$E$25:$E$267,Parameters!$M$6,Calendrier!$C$25:$C$267,EY10)+ COUNTIFS($D$25:$D$267,Parameters!$K$4,$E$25:$E$267,Parameters!$M$6,Calendrier!$C$25:$C$267,EY10)) | SF10: =IF(EZ10="","",COUNTIFS($D$25:$D$267,Parameters!$K$2,$E$25:$E$267,Parameters!$M$6,Calendrier!$C$25:$C$267,EZ10)+ COUNTIFS($D$25:$D$267,Parameters!$K$3,$E$25:$E$267,Parameters!$M$6,Calendrier!$C$25:$C$267,EZ10)) -> 0 | SG10: =IF(FA10="","",COUNTIFS($D$25:$D$267,Parameters!$K$2,$E$25:$E$267,Parameters!$M$6,Calendrier!$C$25:$C$267,FA10)+ COUNTIFS($D$25:$D$267,Parameters!$K$4,$E$25:$E$267,Parameters!$M$6,Calendrier!$C$25:$C$267,FA10)) -> 0 | SL10: =IF(DH10="","",COUNTIFS($D$25:$D$267,Parameters!$K$2,$E$25:$E$267,Parameters!$M$7,Calendrier!$C$25:$C$267,DH10)+ COUNTIFS($D$25:$D$267,Parameters!$K$3,$E$25:$E$267,Parameters!$M$7,Calendrier!$C$25:$C$267,DH10)) | SM10: =IF(DI10="","",COUNTIFS($D$25:$D$267,Parameters!$K$2,$E$25:$E$267,Parameters!$M$7,Calendrier!$C$25:$C$267,DI10)+ COUNTIFS($D$25:$D$267,Parameters!$K$4,$E$25:$E$267,Parameters!$M$7,Calendrier!$C$25:$C$267,DI10)) | SN10: =IF(DJ10="","",COUNTIFS($D$25:$D$267,Parameters!$K$2,$E$25:$E$267,Parameters!$M$7,Calendrier!$C$25:$C$267,DJ10)+ COUNTIFS($D$25:$D$267,Parameters!$K$3,$E$25:$E$267,Parameters!$M$7,Calendrier!$C$25:$C$267,DJ10)) | SO10: =IF(DK10="","",COUNTIFS($D$25:$D$267,Parameters!$K$2,$E$25:$E$267,Parameters!$M$7,Calendrier!$C$25:$C$267,DK10)+ COUNTIFS($D$25:$D$267,Parameters!$K$4,$E$25:$E$267,Parameters!$M$7,Calendrier!$C$25:$C$267,DK10)) | SP10: =IF(DL10="","",COUNTIFS($D$25:$D$267,Parameters!$K$2,$E$25:$E$267,Parameters!$M$7,Calendrier!$C$25:$C$267,DL10)+ COUNTIFS($D$25:$D$267,Parameters!$K$3,$E$25:$E$267,Parameters!$M$7,Calendrier!$C$25:$C$267,DL10)) | SQ10: =IF(DM10="","",COUNTIFS($D$25:$D$267,Parameters!$K$2,$E$25:$E$267,Parameters!$M$7,Calendrier!$C$25:$C$267,DM10)+ COUNTIFS($D$25:$D$267,Parameters!$K$4,$E$25:$E$267,Parameters!$M$7,Calendrier!$C$25:$C$267,DM10)) | SR10: =IF(DN10="","",COUNTIFS($D$25:$D$267,Parameters!$K$2,$E$25:$E$267,Parameters!$M$7,Calendrier!$C$25:$C$267,DN10)+ COUNTIFS($D$25:$D$267,Parameters!$K$3,$E$25:$E$267,Parameters!$M$7,Calendrier!$C$25:$C$267,DN10)) -> 0 | SS10: =IF(DO10="","",COUNTIFS($D$25:$D$267,Parameters!$K$2,$E$25:$E$267,Parameters!$M$7,Calendrier!$C$25:$C$267,DO10)+ COUNTIFS($D$25:$D$267,Parameters!$K$4,$E$25:$E$267,Parameters!$M$7,Calendrier!$C$25:$C$267,DO10)) -> 0 | ST10: =IF(DP10="","",COUNTIFS($D$25:$D$267,Parameters!$K$2,$E$25:$E$267,Parameters!$M$7,Calendrier!$C$25:$C$267,DP10)+ COUNTIFS($D$25:$D$267,Parameters!$K$3,$E$25:$E$267,Parameters!$M$7,Calendrier!$C$25:$C$267,DP10)) -> 0 | SU10: =IF(DQ10="","",COUNTIFS($D$25:$D$267,Parameters!$K$2,$E$25:$E$267,Parameters!$M$7,Calendrier!$C$25:$C$267,DQ10)+ COUNTIFS($D$25:$D$267,Parameters!$K$4,$E$25:$E$267,Parameters!$M$7,Calendrier!$C$25:$C$267,DQ10)) -> 0 | SV10: =IF(DR10="","",COUNTIFS($D$25:$D$267,Parameters!$K$2,$E$25:$E$267,Parameters!$M$7,Calendrier!$C$25:$C$267,DR10)+ COUNTIFS($D$25:$D$267,Parameters!$K$3,$E$25:$E$267,Parameters!$M$7,Calendrier!$C$25:$C$267,DR10)) -> 0 | SW10: =IF(DS10="","",COUNTIFS($D$25:$D$267,Parameters!$K$2,$E$25:$E$267,Parameters!$M$7,Calendrier!$C$25:$C$267,DS10)+ COUNTIFS($D$25:$D$267,Parameters!$K$4,$E$25:$E$267,Parameters!$M$7,Calendrier!$C$25:$C$267,DS10)) -> 0 | SX10: =IF(DT10="","",COUNTIFS($D$25:$D$267,Parameters!$K$2,$E$25:$E$267,Parameters!$M$7,Calendrier!$C$25:$C$267,DT10)+ COUNTIFS($D$25:$D$267,Parameters!$K$3,$E$25:$E$267,Parameters!$M$7,Calendrier!$C$25:$C$267,DT10)) -> 0 | SY10: =IF(DU10="","",COUNTIFS($D$25:$D$267,Parameters!$K$2,$E$25:$E$267,Parameters!$M$7,Calendrier!$C$25:$C$267,DU10)+ COUNTIFS($D$25:$D$267,Parameters!$K$4,$E$25:$E$267,Parameters!$M$7,Calendrier!$C$25:$C$267,DU10)) -> 0 | TB10: =IF(DX10="","",COUNTIFS($D$25:$D$267,Parameters!$K$2,$E$25:$E$267,Parameters!$M$7,Calendrier!$C$25:$C$267,DX10)+ COUNTIFS($D$25:$D$267,Parameters!$K$3,$E$25:$E$267,Parameters!$M$7,Calendrier!$C$25:$C$267,DX10)) | TC10: =IF(DY10="","",COUNTIFS($D$25:$D$267,Parameters!$K$2,$E$25:$E$267,Parameters!$M$7,Calendrier!$C$25:$C$267,DY10)+ COUNTIFS($D$25:$D$267,Parameters!$K$4,$E$25:$E$267,Parameters!$M$7,Calendrier!$C$25:$C$267,DY10)) | TD10: =IF(DZ10="","",COUNTIFS($D$25:$D$267,Parameters!$K$2,$E$25:$E$267,Parameters!$M$7,Calendrier!$C$25:$C$267,DZ10)+ COUNTIFS($D$25:$D$267,Parameters!$K$3,$E$25:$E$267,Parameters!$M$7,Calendrier!$C$25:$C$267,DZ10)) | TE10: =IF(EA10="","",COUNTIFS($D$25:$D$267,Parameters!$K$2,$E$25:$E$267,Parameters!$M$7,Calendrier!$C$25:$C$267,EA10)+ COUNTIFS($D$25:$D$267,Parameters!$K$4,$E$25:$E$267,Parameters!$M$7,Calendrier!$C$25:$C$267,EA10)) | TF10: =IF(EB10="","",COUNTIFS($D$25:$D$267,Parameters!$K$2,$E$25:$E$267,Parameters!$M$7,Calendrier!$C$25:$C$267,EB10)+ COUNTIFS($D$25:$D$267,Parameters!$K$3,$E$25:$E$267,Parameters!$M$7,Calendrier!$C$25:$C$267,EB10)) | TG10: =IF(EC10="","",COUNTIFS($D$25:$D$267,Parameters!$K$2,$E$25:$E$267,Parameters!$M$7,Calendrier!$C$25:$C$267,EC10)+ COUNTIFS($D$25:$D$267,Parameters!$K$4,$E$25:$E$267,Parameters!$M$7,Calendrier!$C$25:$C$267,EC10)) | TH10: =IF(ED10="","",COUNTIFS($D$25:$D$267,Parameters!$K$2,$E$25:$E$267,Parameters!$M$7,Calendrier!$C$25:$C$267,ED10)+ COUNTIFS($D$25:$D$267,Parameters!$K$3,$E$25:$E$267,Parameters!$M$7,Calendrier!$C$25:$C$267,ED10)) | TI10: =IF(EE10="","",COUNTIFS($D$25:$D$267,Parameters!$K$2,$E$25:$E$267,Parameters!$M$7,Calendrier!$C$25:$C$267,EE10)+ COUNTIFS($D$25:$D$267,Parameters!$K$4,$E$25:$E$267,Parameters!$M$7,Calendrier!$C$25:$C$267,EE10)) | TJ10: =IF(EF10="","",COUNTIFS($D$25:$D$267,Parameters!$K$2,$E$25:$E$267,Parameters!$M$7,Calendrier!$C$25:$C$267,EF10)+ COUNTIFS($D$25:$D$267,Parameters!$K$3,$E$25:$E$267,Parameters!$M$7,Calendrier!$C$25:$C$267,EF10)) | TK10: =IF(EG10="","",COUNTIFS($D$25:$D$267,Parameters!$K$2,$E$25:$E$267,Parameters!$M$7,Calendrier!$C$25:$C$267,EG10)+ COUNTIFS($D$25:$D$267,Parameters!$K$4,$E$25:$E$267,Parameters!$M$7,Calendrier!$C$25:$C$267,EG10)) | TL10: =IF(EH10="","",COUNTIFS($D$25:$D$267,Parameters!$K$2,$E$25:$E$267,Parameters!$M$7,Calendrier!$C$25:$C$267,EH10)+ COUNTIFS($D$25:$D$267,Parameters!$K$3,$E$25:$E$267,Parameters!$M$7,Calendrier!$C$25:$C$267,EH10)) | TM10: =IF(EI10="","",COUNTIFS($D$25:$D$267,Parameters!$K$2,$E$25:$E$267,Parameters!$M$7,Calendrier!$C$25:$C$267,EI10)+ COUNTIFS($D$25:$D$267,Parameters!$K$4,$E$25:$E$267,Parameters!$M$7,Calendrier!$C$25:$C$267,EI10)) | TN10: =IF(EJ10="","",COUNTIFS($D$25:$D$267,Parameters!$K$2,$E$25:$E$267,Parameters!$M$7,Calendrier!$C$25:$C$267,EJ10)+ COUNTIFS($D$25:$D$267,Parameters!$K$3,$E$25:$E$267,Parameters!$M$7,Calendrier!$C$25:$C$267,EJ10)) -> 0 | TO10: =IF(EK10="","",COUNTIFS($D$25:$D$267,Parameters!$K$2,$E$25:$E$267,Parameters!$M$7,Calendrier!$C$25:$C$267,EK10)+ COUNTIFS($D$25:$D$267,Parameters!$K$4,$E$25:$E$267,Parameters!$M$7,Calendrier!$C$25:$C$267,EK10)) -> 0 | TR10: =IF(EN10="","",COUNTIFS($D$25:$D$267,Parameters!$K$2,$E$25:$E$267,Parameters!$M$7,Calendrier!$C$25:$C$267,EN10)+ COUNTIFS($D$25:$D$267,Parameters!$K$3,$E$25:$E$267,Parameters!$M$7,Calendrier!$C$25:$C$267,EN10)) | TS10: =IF(EO10="","",COUNTIFS($D$25:$D$267,Parameters!$K$2,$E$25:$E$267,Parameters!$M$7,Calendrier!$C$25:$C$267,EO10)+ COUNTIFS($D$25:$D$267,Parameters!$K$4,$E$25:$E$267,Parameters!$M$7,Calendrier!$C$25:$C$267,EO10)) | TT10: =IF(EP10="","",COUNTIFS($D$25:$D$267,Parameters!$K$2,$E$25:$E$267,Parameters!$M$7,Calendrier!$C$25:$C$267,EP10)+ COUNTIFS($D$25:$D$267,Parameters!$K$3,$E$25:$E$267,Parameters!$M$7,Calendrier!$C$25:$C$267,EP10)) | TU10: =IF(EQ10="","",COUNTIFS($D$25:$D$267,Parameters!$K$2,$E$25:$E$267,Parameters!$M$7,Calendrier!$C$25:$C$267,EQ10)+ COUNTIFS($D$25:$D$267,Parameters!$K$4,$E$25:$E$267,Parameters!$M$7,Calendrier!$C$25:$C$267,EQ10)) | TV10: =IF(ER10="","",COUNTIFS($D$25:$D$267,Parameters!$K$2,$E$25:$E$267,Parameters!$M$7,Calendrier!$C$25:$C$267,ER10)+ COUNTIFS($D$25:$D$267,Parameters!$K$3,$E$25:$E$267,Parameters!$M$7,Calendrier!$C$25:$C$267,ER10)) | TW10: =IF(ES10="","",COUNTIFS($D$25:$D$267,Parameters!$K$2,$E$25:$E$267,Parameters!$M$7,Calendrier!$C$25:$C$267,ES10)+ COUNTIFS($D$25:$D$267,Parameters!$K$4,$E$25:$E$267,Parameters!$M$7,Calendrier!$C$25:$C$267,ES10)) | TX10: =IF(ET10="","",COUNTIFS($D$25:$D$267,Parameters!$K$2,$E$25:$E$267,Parameters!$M$7,Calendrier!$C$25:$C$267,ET10)+ COUNTIFS($D$25:$D$267,Parameters!$K$3,$E$25:$E$267,Parameters!$M$7,Calendrier!$C$25:$C$267,ET10)) | TY10: =IF(EU10="","",COUNTIFS($D$25:$D$267,Parameters!$K$2,$E$25:$E$267,Parameters!$M$7,Calendrier!$C$25:$C$267,EU10)+ COUNTIFS($D$25:$D$267,Parameters!$K$4,$E$25:$E$267,Parameters!$M$7,Calendrier!$C$25:$C$267,EU10)) | TZ10: =IF(EV10="","",COUNTIFS($D$25:$D$267,Parameters!$K$2,$E$25:$E$267,Parameters!$M$7,Calendrier!$C$25:$C$267,EV10)+ COUNTIFS($D$25:$D$267,Parameters!$K$3,$E$25:$E$267,Parameters!$M$7,Calendrier!$C$25:$C$267,EV10)) | UA10: =IF(EW10="","",COUNTIFS($D$25:$D$267,Parameters!$K$2,$E$25:$E$267,Parameters!$M$7,Calendrier!$C$25:$C$267,EW10)+ COUNTIFS($D$25:$D$267,Parameters!$K$4,$E$25:$E$267,Parameters!$M$7,Calendrier!$C$25:$C$267,EW10)) | UB10: =IF(EX10="","",COUNTIFS($D$25:$D$267,Parameters!$K$2,$E$25:$E$267,Parameters!$M$7,Calendrier!$C$25:$C$267,EX10)+ COUNTIFS($D$25:$D$267,Parameters!$K$3,$E$25:$E$267,Parameters!$M$7,Calendrier!$C$25:$C$267,EX10)) | UC10: =IF(EY10="","",COUNTIFS($D$25:$D$267,Parameters!$K$2,$E$25:$E$267,Parameters!$M$7,Calendrier!$C$25:$C$267,EY10)+ COUNTIFS($D$25:$D$267,Parameters!$K$4,$E$25:$E$267,Parameters!$M$7,Calendrier!$C$25:$C$267,EY10)) | UD10: =IF(EZ10="","",COUNTIFS($D$25:$D$267,Parameters!$K$2,$E$25:$E$267,Parameters!$M$7,Calendrier!$C$25:$C$267,EZ10)+ COUNTIFS($D$25:$D$267,Parameters!$K$3,$E$25:$E$267,Parameters!$M$7,Calendrier!$C$25:$C$267,EZ10)) -> 0 | UE10: =IF(FA10="","",COUNTIFS($D$25:$D$267,Parameters!$K$2,$E$25:$E$267,Parameters!$M$7,Calendrier!$C$25:$C$267,FA10)+ COUNTIFS($D$25:$D$267,Parameters!$K$4,$E$25:$E$267,Parameters!$M$7,Calendrier!$C$25:$C$267,FA10)) -> 0
L11: =X10+1 -> 5 | N11: =L11+1 -> 6 | P11: =N11+1 -> 7 | R11: =P11+1 -> 8 | T11: =R11+1 -> 9 | V11: =T11+1 -> 10 | X11: =V11+1 -> 11 | AB11: =AN10+1 -> 2 | AD11: =AB11+1 -> 3 | AF11: =AD11+1 -> 4 | AH11: =AF11+1 -> 5 | AJ11: =AH11+1 -> 6 | AL11: =AJ11+1 -> 7 | AN11: =AL11+1 -> 8 | AR11: =BD10+1 -> 2 | AT11: =AR11+1 -> 3 | AV11: =AT11+1 -> 4 | AX11: =AV11+1 -> 5 | AZ11: =AX11+1 -> 6 | BB11: =AZ11+1 -> 7 | BD11: =BB11+1 -> 8 | BK11: 1 | BL11: 1 | BM11: 1 | BN11: 1 | BO11: 1 | BP11: 1 | BQ11: 1 | BR11: 1 | BS11: 1 | BT11: 1 | BU11: 1 | BV11: 1 | BW11: 1 | CA11: 2 | CB11: 2 | CC11: 2 | CD11: 2 | CE11: 2 | CF11: 2 | CG11: 2 | CH11: 2 | CI11: 2 | CJ11: 2 | CK11: 2 | CL11: 2 | CM11: 2 | CQ11: 3 | CR11: 3 | CS11: 3 | CT11: 3 | CU11: 3 | CV11: 3 | CW11: 3 | CX11: 3 | CY11: 3 | CZ11: 3 | DA11: 3 | DB11: 3 | DC11: 3 | DH11: =IF(L11="","",DATE($K$2,BK11,L11)) -> 46027 | DI11: =DH11 -> 46027 | DJ11: =IF(N11="","",DATE($K$2,BM11,N11)) -> 46028 | DK11: =DJ11 -> 46028 | DL11: =IF(P11="","",DATE($K$2,BO11,P11)) -> 46029 | DM11: =DL11 -> 46029 | DN11: =IF(R11="","",DATE($K$2,BQ11,R11)) -> 46030 | DO11: =DN11 -> 46030 | DP11: =IF(T11="","",DATE($K$2,BS11,T11)) -> 46031 | DQ11: =DP11 -> 46031 | DR11: =IF(V11="","",DATE($K$2,BU11,V11)) -> 46032 | DS11: =DR11 -> 46032 | DT11: =IF(X11="","",DATE($K$2,BW11,X11)) -> 46033 | DU11: =DT11 -> 46033 | DX11: =IF(AB11="","",DATE($K$2,CA11,AB11)) -> 46055 | DY11: =DX11 -> 46055 | DZ11: =IF(AD11="","",DATE($K$2,CC11,AD11)) -> 46056 | EA11: =DZ11 -> 46056 | EB11: =IF(AF11="","",DATE($K$2,CE11,AF11)) -> 46057 | EC11: =EB11 -> 46057 | ED11: =IF(AH11="","",DATE($K$2,CG11,AH11)) -> 46058 | EE11: =ED11 -> 46058 | EF11: =IF(AJ11="","",DATE($K$2,CI11,AJ11)) -> 46059 | EG11: =EF11 -> 46059 | EH11: =IF(AL11="","",DATE($K$2,CK11,AL11)) -> 46060 | EI11: =EH11 -> 46060 | EJ11: =IF(AN11="","",DATE($K$2,CM11,AN11)) -> 46061 | EK11: =EJ11 -> 46061 | EN11: =IF(AR11="","",DATE($K$2,CQ11,AR11)) -> 46083 | EO11: =EN11 -> 46083 | EP11: =IF(AT11="","",DATE($K$2,CS11,AT11)) -> 46084 | EQ11: =EP11 -> 46084 | ER11: =IF(AV11="","",DATE($K$2,CU11,AV11)) -> 46085 | ES11: =ER11 -> 46085 | ET11: =IF(AX11="","",DATE($K$2,CW11,AX11)) -> 46086 | EU11: =ET11 -> 46086 | EV11: =IF(AZ11="","",DATE($K$2,CY11,AZ11)) -> 46087 | EW11: =EV11 -> 46087 | EX11: =IF(BB11="","",DATE($K$2,DA11,BB11)) -> 46088 | EY11: =EX11 -> 46088 | EZ11: =IF(BD11="","",DATE($K$2,DC11,BD11)) -> 46089 | FA11: =EZ11 -> 46089 | FE11: =COUNTIFS(Parameters!$S:$S,$D$4,Parameters!$Q:$Q,DH11) -> 0 | FF11: =COUNTIFS(Parameters!$S:$S,$D$4,Parameters!$Q:$Q,DI11) -> 0 | FG11: =COUNTIFS(Parameters!$S:$S,$D$4,Parameters!$Q:$Q,DJ11) -> 0 | FH11: =COUNTIFS(Parameters!$S:$S,$D$4,Parameters!$Q:$Q,DK11) -> 0 | FI11: =COUNTIFS(Parameters!$S:$S,$D$4,Parameters!$Q:$Q,DL11) -> 0 | FJ11: =COUNTIFS(Parameters!$S:$S,$D$4,Parameters!$Q:$Q,DM11) -> 0 | FK11: =COUNTIFS(Parameters!$S:$S,$D$4,Parameters!$Q:$Q,DN11) -> 0 | FL11: =COUNTIFS(Parameters!$S:$S,$D$4,Parameters!$Q:$Q,DO11) -> 0 | ... FR11: =COUNTIFS(Parameters!$S:$S,$D$4,Parameters!$Q:$Q,DU11) -> 0 | FU11: =COUNTIFS(Parameters!$S:$S,$D$4,Parameters!$Q:$Q,DX11) -> 0 | FV11: =COUNTIFS(Parameters!$S:$S,$D$4,Parameters!$Q:$Q,DY11) -> 0 | FW11: =COUNTIFS(Parameters!$S:$S,$D$4,Parameters!$Q:$Q,DZ11) -> 0 | FX11: =COUNTIFS(Parameters!$S:$S,$D$4,Parameters!$Q:$Q,EA11) -> 0 | FY11: =COUNTIFS(Parameters!$S:$S,$D$4,Parameters!$Q:$Q,EB11) -> 0 | FZ11: =COUNTIFS(Parameters!$S:$S,$D$4,Parameters!$Q:$Q,EC11) -> 0 | GA11: =COUNTIFS(Parameters!$S:$S,$D$4,Parameters!$Q:$Q,ED11) -> 0 | GB11: =COUNTIFS(Parameters!$S:$S,$D$4,Parameters!$Q:$Q,EE11) -> 0 | ... GH11: =COUNTIFS(Parameters!$S:$S,$D$4,Parameters!$Q:$Q,EK11) -> 0 | GK11: =COUNTIFS(Parameters!$S:$S,$D$4,Parameters!$Q:$Q,EN11) -> 0 | GL11: =COUNTIFS(Parameters!$S:$S,$D$4,Parameters!$Q:$Q,EO11) -> 0 | GM11: =COUNTIFS(Parameters!$S:$S,$D$4,Parameters!$Q:$Q,EP11) -> 0 | GN11: =COUNTIFS(Parameters!$S:$S,$D$4,Parameters!$Q:$Q,EQ11) -> 0 | GO11: =COUNTIFS(Parameters!$S:$S,$D$4,Parameters!$Q:$Q,ER11) -> 0 | GP11: =COUNTIFS(Parameters!$S:$S,$D$4,Parameters!$Q:$Q,ES11) -> 0 | GQ11: =COUNTIFS(Parameters!$S:$S,$D$4,Parameters!$Q:$Q,ET11) -> 0 | GR11: =COUNTIFS(Parameters!$S:$S,$D$4,Parameters!$Q:$Q,EU11) -> 0 | ... GX11: =COUNTIFS(Parameters!$S:$S,$D$4,Parameters!$Q:$Q,FA11) -> 0 | HB11: =IF(DH11="","",COUNTIFS($D$25:$D$267,Parameters!$K$2,$E$25:$E$267,Parameters!$M$2,Calendrier!$C$25:$C$267,DH11)+ COUNTIFS($D$25:$D$267,Parameters!$K$3,$E$25:$E$267,Parameters!$M$2,Calendrier!$C$25:$C$267,DH11)) -> 0 | HC11: =IF(DI11="","",COUNTIFS($D$25:$D$267,Parameters!$K$2,$E$25:$E$267,Parameters!$M$2,Calendrier!$C$25:$C$267,DI11)+ COUNTIFS($D$25:$D$267,Parameters!$K$4,$E$25:$E$267,Parameters!$M$2,Calendrier!$C$25:$C$267,DI11)) -> 0 | HD11: =IF(DJ11="","",COUNTIFS($D$25:$D$267,Parameters!$K$2,$E$25:$E$267,Parameters!$M$2,Calendrier!$C$25:$C$267,DJ11)+ COUNTIFS($D$25:$D$267,Parameters!$K$3,$E$25:$E$267,Parameters!$M$2,Calendrier!$C$25:$C$267,DJ11)) -> 0 | HE11: =IF(DK11="","",COUNTIFS($D$25:$D$267,Parameters!$K$2,$E$25:$E$267,Parameters!$M$2,Calendrier!$C$25:$C$267,DK11)+ COUNTIFS($D$25:$D$267,Parameters!$K$4,$E$25:$E$267,Parameters!$M$2,Calendrier!$C$25:$C$267,DK11)) -> 0 | HF11: =IF(DL11="","",COUNTIFS($D$25:$D$267,Parameters!$K$2,$E$25:$E$267,Parameters!$M$2,Calendrier!$C$25:$C$267,DL11)+ COUNTIFS($D$25:$D$267,Parameters!$K$3,$E$25:$E$267,Parameters!$M$2,Calendrier!$C$25:$C$267,DL11)) -> 0 | HG11: =IF(DM11="","",COUNTIFS($D$25:$D$267,Parameters!$K$2,$E$25:$E$267,Parameters!$M$2,Calendrier!$C$25:$C$267,DM11)+ COUNTIFS($D$25:$D$267,Parameters!$K$4,$E$25:$E$267,Parameters!$M$2,Calendrier!$C$25:$C$267,DM11)) -> 0 | HH11: =IF(DN11="","",COUNTIFS($D$25:$D$267,Parameters!$K$2,$E$25:$E$267,Parameters!$M$2,Calendrier!$C$25:$C$267,DN11)+ COUNTIFS($D$25:$D$267,Parameters!$K$3,$E$25:$E$267,Parameters!$M$2,Calendrier!$C$25:$C$267,DN11)) -> 0 | HI11: =IF(DO11="","",COUNTIFS($D$25:$D$267,Parameters!$K$2,$E$25:$E$267,Parameters!$M$2,Calendrier!$C$25:$C$267,DO11)+ COUNTIFS($D$25:$D$267,Parameters!$K$4,$E$25:$E$267,Parameters!$M$2,Calendrier!$C$25:$C$267,DO11)) -> 0 | HJ11: =IF(DP11="","",COUNTIFS($D$25:$D$267,Parameters!$K$2,$E$25:$E$267,Parameters!$M$2,Calendrier!$C$25:$C$267,DP11)+ COUNTIFS($D$25:$D$267,Parameters!$K$3,$E$25:$E$267,Parameters!$M$2,Calendrier!$C$25:$C$267,DP11)) -> 0 | HK11: =IF(DQ11="","",COUNTIFS($D$25:$D$267,Parameters!$K$2,$E$25:$E$267,Parameters!$M$2,Calendrier!$C$25:$C$267,DQ11)+ COUNTIFS($D$25:$D$267,Parameters!$K$4,$E$25:$E$267,Parameters!$M$2,Calendrier!$C$25:$C$267,DQ11)) -> 0 | HL11: =IF(DR11="","",COUNTIFS($D$25:$D$267,Parameters!$K$2,$E$25:$E$267,Parameters!$M$2,Calendrier!$C$25:$C$267,DR11)+ COUNTIFS($D$25:$D$267,Parameters!$K$3,$E$25:$E$267,Parameters!$M$2,Calendrier!$C$25:$C$267,DR11)) -> 0 | HM11: =IF(DS11="","",COUNTIFS($D$25:$D$267,Parameters!$K$2,$E$25:$E$267,Parameters!$M$2,Calendrier!$C$25:$C$267,DS11)+ COUNTIFS($D$25:$D$267,Parameters!$K$4,$E$25:$E$267,Parameters!$M$2,Calendrier!$C$25:$C$267,DS11)) -> 0 | HN11: =IF(DT11="","",COUNTIFS($D$25:$D$267,Parameters!$K$2,$E$25:$E$267,Parameters!$M$2,Calendrier!$C$25:$C$267,DT11)+ COUNTIFS($D$25:$D$267,Parameters!$K$3,$E$25:$E$267,Parameters!$M$2,Calendrier!$C$25:$C$267,DT11)) -> 0 | HO11: =IF(DU11="","",COUNTIFS($D$25:$D$267,Parameters!$K$2,$E$25:$E$267,Parameters!$M$2,Calendrier!$C$25:$C$267,DU11)+ COUNTIFS($D$25:$D$267,Parameters!$K$4,$E$25:$E$267,Parameters!$M$2,Calendrier!$C$25:$C$267,DU11)) -> 0 | HR11: =IF(DX11="","",COUNTIFS($D$25:$D$267,Parameters!$K$2,$E$25:$E$267,Parameters!$M$2,Calendrier!$C$25:$C$267,DX11)+ COUNTIFS($D$25:$D$267,Parameters!$K$3,$E$25:$E$267,Parameters!$M$2,Calendrier!$C$25:$C$267,DX11)) -> 0 | HS11: =IF(DY11="","",COUNTIFS($D$25:$D$267,Parameters!$K$2,$E$25:$E$267,Parameters!$M$2,Calendrier!$C$25:$C$267,DY11)+ COUNTIFS($D$25:$D$267,Parameters!$K$4,$E$25:$E$267,Parameters!$M$2,Calendrier!$C$25:$C$267,DY11)) -> 0 | HT11: =IF(DZ11="","",COUNTIFS($D$25:$D$267,Parameters!$K$2,$E$25:$E$267,Parameters!$M$2,Calendrier!$C$25:$C$267,DZ11)+ COUNTIFS($D$25:$D$267,Parameters!$K$3,$E$25:$E$267,Parameters!$M$2,Calendrier!$C$25:$C$267,DZ11)) -> 0 | HU11: =IF(EA11="","",COUNTIFS($D$25:$D$267,Parameters!$K$2,$E$25:$E$267,Parameters!$M$2,Calendrier!$C$25:$C$267,EA11)+ COUNTIFS($D$25:$D$267,Parameters!$K$4,$E$25:$E$267,Parameters!$M$2,Calendrier!$C$25:$C$267,EA11)) -> 0 | HV11: =IF(EB11="","",COUNTIFS($D$25:$D$267,Parameters!$K$2,$E$25:$E$267,Parameters!$M$2,Calendrier!$C$25:$C$267,EB11)+ COUNTIFS($D$25:$D$267,Parameters!$K$3,$E$25:$E$267,Parameters!$M$2,Calendrier!$C$25:$C$267,EB11)) -> 0 | HW11: =IF(EC11="","",COUNTIFS($D$25:$D$267,Parameters!$K$2,$E$25:$E$267,Parameters!$M$2,Calendrier!$C$25:$C$267,EC11)+ COUNTIFS($D$25:$D$267,Parameters!$K$4,$E$25:$E$267,Parameters!$M$2,Calendrier!$C$25:$C$267,EC11)) -> 0 | HX11: =IF(ED11="","",COUNTIFS($D$25:$D$267,Parameters!$K$2,$E$25:$E$267,Parameters!$M$2,Calendrier!$C$25:$C$267,ED11)+ COUNTIFS($D$25:$D$267,Parameters!$K$3,$E$25:$E$267,Parameters!$M$2,Calendrier!$C$25:$C$267,ED11)) -> 0 | HY11: =IF(EE11="","",COUNTIFS($D$25:$D$267,Parameters!$K$2,$E$25:$E$267,Parameters!$M$2,Calendrier!$C$25:$C$267,EE11)+ COUNTIFS($D$25:$D$267,Parameters!$K$4,$E$25:$E$267,Parameters!$M$2,Calendrier!$C$25:$C$267,EE11)) -> 0 | HZ11: =IF(EF11="","",COUNTIFS($D$25:$D$267,Parameters!$K$2,$E$25:$E$267,Parameters!$M$2,Calendrier!$C$25:$C$267,EF11)+ COUNTIFS($D$25:$D$267,Parameters!$K$3,$E$25:$E$267,Parameters!$M$2,Calendrier!$C$25:$C$267,EF11)) -> 0 | IA11: =IF(EG11="","",COUNTIFS($D$25:$D$267,Parameters!$K$2,$E$25:$E$267,Parameters!$M$2,Calendrier!$C$25:$C$267,EG11)+ COUNTIFS($D$25:$D$267,Parameters!$K$4,$E$25:$E$267,Parameters!$M$2,Calendrier!$C$25:$C$267,EG11)) -> 0 | IB11: =IF(EH11="","",COUNTIFS($D$25:$D$267,Parameters!$K$2,$E$25:$E$267,Parameters!$M$2,Calendrier!$C$25:$C$267,EH11)+ COUNTIFS($D$25:$D$267,Parameters!$K$3,$E$25:$E$267,Parameters!$M$2,Calendrier!$C$25:$C$267,EH11)) -> 0 | IC11: =IF(EI11="","",COUNTIFS($D$25:$D$267,Parameters!$K$2,$E$25:$E$267,Parameters!$M$2,Calendrier!$C$25:$C$267,EI11)+ COUNTIFS($D$25:$D$267,Parameters!$K$4,$E$25:$E$267,Parameters!$M$2,Calendrier!$C$25:$C$267,EI11)) -> 0 | ID11: =IF(EJ11="","",COUNTIFS($D$25:$D$267,Parameters!$K$2,$E$25:$E$267,Parameters!$M$2,Calendrier!$C$25:$C$267,EJ11)+ COUNTIFS($D$25:$D$267,Parameters!$K$3,$E$25:$E$267,Parameters!$M$2,Calendrier!$C$25:$C$267,EJ11)) -> 0 | IE11: =IF(EK11="","",COUNTIFS($D$25:$D$267,Parameters!$K$2,$E$25:$E$267,Parameters!$M$2,Calendrier!$C$25:$C$267,EK11)+ COUNTIFS($D$25:$D$267,Parameters!$K$4,$E$25:$E$267,Parameters!$M$2,Calendrier!$C$25:$C$267,EK11)) -> 0 | IH11: =IF(EN11="","",COUNTIFS($D$25:$D$267,Parameters!$K$2,$E$25:$E$267,Parameters!$M$2,Calendrier!$C$25:$C$267,EN11)+ COUNTIFS($D$25:$D$267,Parameters!$K$3,$E$25:$E$267,Parameters!$M$2,Calendrier!$C$25:$C$267,EN11)) -> 0 | II11: =IF(EO11="","",COUNTIFS($D$25:$D$267,Parameters!$K$2,$E$25:$E$267,Parameters!$M$2,Calendrier!$C$25:$C$267,EO11)+ COUNTIFS($D$25:$D$267,Parameters!$K$4,$E$25:$E$267,Parameters!$M$2,Calendrier!$C$25:$C$267,EO11)) -> 0 | IJ11: =IF(EP11="","",COUNTIFS($D$25:$D$267,Parameters!$K$2,$E$25:$E$267,Parameters!$M$2,Calendrier!$C$25:$C$267,EP11)+ COUNTIFS($D$25:$D$267,Parameters!$K$3,$E$25:$E$267,Parameters!$M$2,Calendrier!$C$25:$C$267,EP11)) -> 0 | IK11: =IF(EQ11="","",COUNTIFS($D$25:$D$267,Parameters!$K$2,$E$25:$E$267,Parameters!$M$2,Calendrier!$C$25:$C$267,EQ11)+ COUNTIFS($D$25:$D$267,Parameters!$K$4,$E$25:$E$267,Parameters!$M$2,Calendrier!$C$25:$C$267,EQ11)) -> 0 | IL11: =IF(ER11="","",COUNTIFS($D$25:$D$267,Parameters!$K$2,$E$25:$E$267,Parameters!$M$2,Calendrier!$C$25:$C$267,ER11)+ COUNTIFS($D$25:$D$267,Parameters!$K$3,$E$25:$E$267,Parameters!$M$2,Calendrier!$C$25:$C$267,ER11)) -> 0 | IM11: =IF(ES11="","",COUNTIFS($D$25:$D$267,Parameters!$K$2,$E$25:$E$267,Parameters!$M$2,Calendrier!$C$25:$C$267,ES11)+ COUNTIFS($D$25:$D$267,Parameters!$K$4,$E$25:$E$267,Parameters!$M$2,Calendrier!$C$25:$C$267,ES11)) -> 0 | IN11: =IF(ET11="","",COUNTIFS($D$25:$D$267,Parameters!$K$2,$E$25:$E$267,Parameters!$M$2,Calendrier!$C$25:$C$267,ET11)+ COUNTIFS($D$25:$D$267,Parameters!$K$3,$E$25:$E$267,Parameters!$M$2,Calendrier!$C$25:$C$267,ET11)) -> 0 | IO11: =IF(EU11="","",COUNTIFS($D$25:$D$267,Parameters!$K$2,$E$25:$E$267,Parameters!$M$2,Calendrier!$C$25:$C$267,EU11)+ COUNTIFS($D$25:$D$267,Parameters!$K$4,$E$25:$E$267,Parameters!$M$2,Calendrier!$C$25:$C$267,EU11)) -> 0 | IP11: =IF(EV11="","",COUNTIFS($D$25:$D$267,Parameters!$K$2,$E$25:$E$267,Parameters!$M$2,Calendrier!$C$25:$C$267,EV11)+ COUNTIFS($D$25:$D$267,Parameters!$K$3,$E$25:$E$267,Parameters!$M$2,Calendrier!$C$25:$C$267,EV11)) -> 0 | IQ11: =IF(EW11="","",COUNTIFS($D$25:$D$267,Parameters!$K$2,$E$25:$E$267,Parameters!$M$2,Calendrier!$C$25:$C$267,EW11)+ COUNTIFS($D$25:$D$267,Parameters!$K$4,$E$25:$E$267,Parameters!$M$2,Calendrier!$C$25:$C$267,EW11)) -> 0 | IR11: =IF(EX11="","",COUNTIFS($D$25:$D$267,Parameters!$K$2,$E$25:$E$267,Parameters!$M$2,Calendrier!$C$25:$C$267,EX11)+ COUNTIFS($D$25:$D$267,Parameters!$K$3,$E$25:$E$267,Parameters!$M$2,Calendrier!$C$25:$C$267,EX11)) -> 0 | IS11: =IF(EY11="","",COUNTIFS($D$25:$D$267,Parameters!$K$2,$E$25:$E$267,Parameters!$M$2,Calendrier!$C$25:$C$267,EY11)+ COUNTIFS($D$25:$D$267,Parameters!$K$4,$E$25:$E$267,Parameters!$M$2,Calendrier!$C$25:$C$267,EY11)) -> 0 | IT11: =IF(EZ11="","",COUNTIFS($D$25:$D$267,Parameters!$K$2,$E$25:$E$267,Parameters!$M$2,Calendrier!$C$25:$C$267,EZ11)+ COUNTIFS($D$25:$D$267,Parameters!$K$3,$E$25:$E$267,Parameters!$M$2,Calendrier!$C$25:$C$267,EZ11)) -> 0 | IU11: =IF(FA11="","",COUNTIFS($D$25:$D$267,Parameters!$K$2,$E$25:$E$267,Parameters!$M$2,Calendrier!$C$25:$C$267,FA11)+ COUNTIFS($D$25:$D$267,Parameters!$K$4,$E$25:$E$267,Parameters!$M$2,Calendrier!$C$25:$C$267,FA11)) -> 0 | IY11: =IF(DH11="","",COUNTIFS($D$25:$D$267,Parameters!$K$2,$E$25:$E$267,Parameters!$M$3,Calendrier!$C$25:$C$267,DH11)+ COUNTIFS($D$25:$D$267,Parameters!$K$3,$E$25:$E$267,Parameters!$M$3,Calendrier!$C$25:$C$267,DH11)) -> 0 | IZ11: =IF(DI11="","",COUNTIFS($D$25:$D$267,Parameters!$K$2,$E$25:$E$267,Parameters!$M$3,Calendrier!$C$25:$C$267,DI11)+ COUNTIFS($D$25:$D$267,Parameters!$K$4,$E$25:$E$267,Parameters!$M$3,Calendrier!$C$25:$C$267,DI11)) -> 0 | JA11: =IF(DJ11="","",COUNTIFS($D$25:$D$267,Parameters!$K$2,$E$25:$E$267,Parameters!$M$3,Calendrier!$C$25:$C$267,DJ11)+ COUNTIFS($D$25:$D$267,Parameters!$K$3,$E$25:$E$267,Parameters!$M$3,Calendrier!$C$25:$C$267,DJ11)) -> 0 | JB11: =IF(DK11="","",COUNTIFS($D$25:$D$267,Parameters!$K$2,$E$25:$E$267,Parameters!$M$3,Calendrier!$C$25:$C$267,DK11)+ COUNTIFS($D$25:$D$267,Parameters!$K$4,$E$25:$E$267,Parameters!$M$3,Calendrier!$C$25:$C$267,DK11)) -> 0 | JC11: =IF(DL11="","",COUNTIFS($D$25:$D$267,Parameters!$K$2,$E$25:$E$267,Parameters!$M$3,Calendrier!$C$25:$C$267,DL11)+ COUNTIFS($D$25:$D$267,Parameters!$K$3,$E$25:$E$267,Parameters!$M$3,Calendrier!$C$25:$C$267,DL11)) -> 0 | JD11: =IF(DM11="","",COUNTIFS($D$25:$D$267,Parameters!$K$2,$E$25:$E$267,Parameters!$M$3,Calendrier!$C$25:$C$267,DM11)+ COUNTIFS($D$25:$D$267,Parameters!$K$4,$E$25:$E$267,Parameters!$M$3,Calendrier!$C$25:$C$267,DM11)) -> 0 | JE11: =IF(DN11="","",COUNTIFS($D$25:$D$267,Parameters!$K$2,$E$25:$E$267,Parameters!$M$3,Calendrier!$C$25:$C$267,DN11)+ COUNTIFS($D$25:$D$267,Parameters!$K$3,$E$25:$E$267,Parameters!$M$3,Calendrier!$C$25:$C$267,DN11)) -> 0 | JF11: =IF(DO11="","",COUNTIFS($D$25:$D$267,Parameters!$K$2,$E$25:$E$267,Parameters!$M$3,Calendrier!$C$25:$C$267,DO11)+ COUNTIFS($D$25:$D$267,Parameters!$K$4,$E$25:$E$267,Parameters!$M$3,Calendrier!$C$25:$C$267,DO11)) -> 0 | JG11: =IF(DP11="","",COUNTIFS($D$25:$D$267,Parameters!$K$2,$E$25:$E$267,Parameters!$M$3,Calendrier!$C$25:$C$267,DP11)+ COUNTIFS($D$25:$D$267,Parameters!$K$3,$E$25:$E$267,Parameters!$M$3,Calendrier!$C$25:$C$267,DP11)) -> 0 | JH11: =IF(DQ11="","",COUNTIFS($D$25:$D$267,Parameters!$K$2,$E$25:$E$267,Parameters!$M$3,Calendrier!$C$25:$C$267,DQ11)+ COUNTIFS($D$25:$D$267,Parameters!$K$4,$E$25:$E$267,Parameters!$M$3,Calendrier!$C$25:$C$267,DQ11)) -> 0 | JI11: =IF(DR11="","",COUNTIFS($D$25:$D$267,Parameters!$K$2,$E$25:$E$267,Parameters!$M$3,Calendrier!$C$25:$C$267,DR11)+ COUNTIFS($D$25:$D$267,Parameters!$K$3,$E$25:$E$267,Parameters!$M$3,Calendrier!$C$25:$C$267,DR11)) -> 0 | JJ11: =IF(DS11="","",COUNTIFS($D$25:$D$267,Parameters!$K$2,$E$25:$E$267,Parameters!$M$3,Calendrier!$C$25:$C$267,DS11)+ COUNTIFS($D$25:$D$267,Parameters!$K$4,$E$25:$E$267,Parameters!$M$3,Calendrier!$C$25:$C$267,DS11)) -> 0 | JK11: =IF(DT11="","",COUNTIFS($D$25:$D$267,Parameters!$K$2,$E$25:$E$267,Parameters!$M$3,Calendrier!$C$25:$C$267,DT11)+ COUNTIFS($D$25:$D$267,Parameters!$K$3,$E$25:$E$267,Parameters!$M$3,Calendrier!$C$25:$C$267,DT11)) -> 0 | JL11: =IF(DU11="","",COUNTIFS($D$25:$D$267,Parameters!$K$2,$E$25:$E$267,Parameters!$M$3,Calendrier!$C$25:$C$267,DU11)+ COUNTIFS($D$25:$D$267,Parameters!$K$4,$E$25:$E$267,Parameters!$M$3,Calendrier!$C$25:$C$267,DU11)) -> 0 | JO11: =IF(DX11="","",COUNTIFS($D$25:$D$267,Parameters!$K$2,$E$25:$E$267,Parameters!$M$3,Calendrier!$C$25:$C$267,DX11)+ COUNTIFS($D$25:$D$267,Parameters!$K$3,$E$25:$E$267,Parameters!$M$3,Calendrier!$C$25:$C$267,DX11)) -> 0 | JP11: =IF(DY11="","",COUNTIFS($D$25:$D$267,Parameters!$K$2,$E$25:$E$267,Parameters!$M$3,Calendrier!$C$25:$C$267,DY11)+ COUNTIFS($D$25:$D$267,Parameters!$K$4,$E$25:$E$267,Parameters!$M$3,Calendrier!$C$25:$C$267,DY11)) -> 0 | JQ11: =IF(DZ11="","",COUNTIFS($D$25:$D$267,Parameters!$K$2,$E$25:$E$267,Parameters!$M$3,Calendrier!$C$25:$C$267,DZ11)+ COUNTIFS($D$25:$D$267,Parameters!$K$3,$E$25:$E$267,Parameters!$M$3,Calendrier!$C$25:$C$267,DZ11)) -> 0 | JR11: =IF(EA11="","",COUNTIFS($D$25:$D$267,Parameters!$K$2,$E$25:$E$267,Parameters!$M$3,Calendrier!$C$25:$C$267,EA11)+ COUNTIFS($D$25:$D$267,Parameters!$K$4,$E$25:$E$267,Parameters!$M$3,Calendrier!$C$25:$C$267,EA11)) -> 0 | JS11: =IF(EB11="","",COUNTIFS($D$25:$D$267,Parameters!$K$2,$E$25:$E$267,Parameters!$M$3,Calendrier!$C$25:$C$267,EB11)+ COUNTIFS($D$25:$D$267,Parameters!$K$3,$E$25:$E$267,Parameters!$M$3,Calendrier!$C$25:$C$267,EB11)) -> 0 | JT11: =IF(EC11="","",COUNTIFS($D$25:$D$267,Parameters!$K$2,$E$25:$E$267,Parameters!$M$3,Calendrier!$C$25:$C$267,EC11)+ COUNTIFS($D$25:$D$267,Parameters!$K$4,$E$25:$E$267,Parameters!$M$3,Calendrier!$C$25:$C$267,EC11)) -> 0 | JU11: =IF(ED11="","",COUNTIFS($D$25:$D$267,Parameters!$K$2,$E$25:$E$267,Parameters!$M$3,Calendrier!$C$25:$C$267,ED11)+ COUNTIFS($D$25:$D$267,Parameters!$K$3,$E$25:$E$267,Parameters!$M$3,Calendrier!$C$25:$C$267,ED11)) -> 0 | JV11: =IF(EE11="","",COUNTIFS($D$25:$D$267,Parameters!$K$2,$E$25:$E$267,Parameters!$M$3,Calendrier!$C$25:$C$267,EE11)+ COUNTIFS($D$25:$D$267,Parameters!$K$4,$E$25:$E$267,Parameters!$M$3,Calendrier!$C$25:$C$267,EE11)) -> 0 | JW11: =IF(EF11="","",COUNTIFS($D$25:$D$267,Parameters!$K$2,$E$25:$E$267,Parameters!$M$3,Calendrier!$C$25:$C$267,EF11)+ COUNTIFS($D$25:$D$267,Parameters!$K$3,$E$25:$E$267,Parameters!$M$3,Calendrier!$C$25:$C$267,EF11)) -> 0 | JX11: =IF(EG11="","",COUNTIFS($D$25:$D$267,Parameters!$K$2,$E$25:$E$267,Parameters!$M$3,Calendrier!$C$25:$C$267,EG11)+ COUNTIFS($D$25:$D$267,Parameters!$K$4,$E$25:$E$267,Parameters!$M$3,Calendrier!$C$25:$C$267,EG11)) -> 0 | JY11: =IF(EH11="","",COUNTIFS($D$25:$D$267,Parameters!$K$2,$E$25:$E$267,Parameters!$M$3,Calendrier!$C$25:$C$267,EH11)+ COUNTIFS($D$25:$D$267,Parameters!$K$3,$E$25:$E$267,Parameters!$M$3,Calendrier!$C$25:$C$267,EH11)) -> 0 | JZ11: =IF(EI11="","",COUNTIFS($D$25:$D$267,Parameters!$K$2,$E$25:$E$267,Parameters!$M$3,Calendrier!$C$25:$C$267,EI11)+ COUNTIFS($D$25:$D$267,Parameters!$K$4,$E$25:$E$267,Parameters!$M$3,Calendrier!$C$25:$C$267,EI11)) -> 0 | KA11: =IF(EJ11="","",COUNTIFS($D$25:$D$267,Parameters!$K$2,$E$25:$E$267,Parameters!$M$3,Calendrier!$C$25:$C$267,EJ11)+ COUNTIFS($D$25:$D$267,Parameters!$K$3,$E$25:$E$267,Parameters!$M$3,Calendrier!$C$25:$C$267,EJ11)) -> 0 | KB11: =IF(EK11="","",COUNTIFS($D$25:$D$267,Parameters!$K$2,$E$25:$E$267,Parameters!$M$3,Calendrier!$C$25:$C$267,EK11)+ COUNTIFS($D$25:$D$267,Parameters!$K$4,$E$25:$E$267,Parameters!$M$3,Calendrier!$C$25:$C$267,EK11)) -> 0 | KE11: =IF(EN11="","",COUNTIFS($D$25:$D$267,Parameters!$K$2,$E$25:$E$267,Parameters!$M$3,Calendrier!$C$25:$C$267,EN11)+ COUNTIFS($D$25:$D$267,Parameters!$K$3,$E$25:$E$267,Parameters!$M$3,Calendrier!$C$25:$C$267,EN11)) -> 0 | KF11: =IF(EO11="","",COUNTIFS($D$25:$D$267,Parameters!$K$2,$E$25:$E$267,Parameters!$M$3,Calendrier!$C$25:$C$267,EO11)+ COUNTIFS($D$25:$D$267,Parameters!$K$4,$E$25:$E$267,Parameters!$M$3,Calendrier!$C$25:$C$267,EO11)) -> 0 | KG11: =IF(EP11="","",COUNTIFS($D$25:$D$267,Parameters!$K$2,$E$25:$E$267,Parameters!$M$3,Calendrier!$C$25:$C$267,EP11)+ COUNTIFS($D$25:$D$267,Parameters!$K$3,$E$25:$E$267,Parameters!$M$3,Calendrier!$C$25:$C$267,EP11)) -> 0 | KH11: =IF(EQ11="","",COUNTIFS($D$25:$D$267,Parameters!$K$2,$E$25:$E$267,Parameters!$M$3,Calendrier!$C$25:$C$267,EQ11)+ COUNTIFS($D$25:$D$267,Parameters!$K$4,$E$25:$E$267,Parameters!$M$3,Calendrier!$C$25:$C$267,EQ11)) -> 0 | KI11: =IF(ER11="","",COUNTIFS($D$25:$D$267,Parameters!$K$2,$E$25:$E$267,Parameters!$M$3,Calendrier!$C$25:$C$267,ER11)+ COUNTIFS($D$25:$D$267,Parameters!$K$3,$E$25:$E$267,Parameters!$M$3,Calendrier!$C$25:$C$267,ER11)) -> 0 | KJ11: =IF(ES11="","",COUNTIFS($D$25:$D$267,Parameters!$K$2,$E$25:$E$267,Parameters!$M$3,Calendrier!$C$25:$C$267,ES11)+ COUNTIFS($D$25:$D$267,Parameters!$K$4,$E$25:$E$267,Parameters!$M$3,Calendrier!$C$25:$C$267,ES11)) -> 0 | KK11: =IF(ET11="","",COUNTIFS($D$25:$D$267,Parameters!$K$2,$E$25:$E$267,Parameters!$M$3,Calendrier!$C$25:$C$267,ET11)+ COUNTIFS($D$25:$D$267,Parameters!$K$3,$E$25:$E$267,Parameters!$M$3,Calendrier!$C$25:$C$267,ET11)) -> 0 | KL11: =IF(EU11="","",COUNTIFS($D$25:$D$267,Parameters!$K$2,$E$25:$E$267,Parameters!$M$3,Calendrier!$C$25:$C$267,EU11)+ COUNTIFS($D$25:$D$267,Parameters!$K$4,$E$25:$E$267,Parameters!$M$3,Calendrier!$C$25:$C$267,EU11)) -> 0 | KM11: =IF(EV11="","",COUNTIFS($D$25:$D$267,Parameters!$K$2,$E$25:$E$267,Parameters!$M$3,Calendrier!$C$25:$C$267,EV11)+ COUNTIFS($D$25:$D$267,Parameters!$K$3,$E$25:$E$267,Parameters!$M$3,Calendrier!$C$25:$C$267,EV11)) -> 0 | KN11: =IF(EW11="","",COUNTIFS($D$25:$D$267,Parameters!$K$2,$E$25:$E$267,Parameters!$M$3,Calendrier!$C$25:$C$267,EW11)+ COUNTIFS($D$25:$D$267,Parameters!$K$4,$E$25:$E$267,Parameters!$M$3,Calendrier!$C$25:$C$267,EW11)) -> 0 | KO11: =IF(EX11="","",COUNTIFS($D$25:$D$267,Parameters!$K$2,$E$25:$E$267,Parameters!$M$3,Calendrier!$C$25:$C$267,EX11)+ COUNTIFS($D$25:$D$267,Parameters!$K$3,$E$25:$E$267,Parameters!$M$3,Calendrier!$C$25:$C$267,EX11)) -> 0 | KP11: =IF(EY11="","",COUNTIFS($D$25:$D$267,Parameters!$K$2,$E$25:$E$267,Parameters!$M$3,Calendrier!$C$25:$C$267,EY11)+ COUNTIFS($D$25:$D$267,Parameters!$K$4,$E$25:$E$267,Parameters!$M$3,Calendrier!$C$25:$C$267,EY11)) -> 0 | KQ11: =IF(EZ11="","",COUNTIFS($D$25:$D$267,Parameters!$K$2,$E$25:$E$267,Parameters!$M$3,Calendrier!$C$25:$C$267,EZ11)+ COUNTIFS($D$25:$D$267,Parameters!$K$3,$E$25:$E$267,Parameters!$M$3,Calendrier!$C$25:$C$267,EZ11)) -> 0 | KR11: =IF(FA11="","",COUNTIFS($D$25:$D$267,Parameters!$K$2,$E$25:$E$267,Parameters!$M$3,Calendrier!$C$25:$C$267,FA11)+ COUNTIFS($D$25:$D$267,Parameters!$K$4,$E$25:$E$267,Parameters!$M$3,Calendrier!$C$25:$C$267,FA11)) -> 0 | KV11: =IF(DH11="","",COUNTIFS($D$25:$D$267,Parameters!$K$2,$E$25:$E$267,Parameters!$M$4,Calendrier!$C$25:$C$267,DH11)+ COUNTIFS($D$25:$D$267,Parameters!$K$3,$E$25:$E$267,Parameters!$M$4,Calendrier!$C$25:$C$267,DH11)) -> 0 | KW11: =IF(DI11="","",COUNTIFS($D$25:$D$267,Parameters!$K$2,$E$25:$E$267,Parameters!$M$4,Calendrier!$C$25:$C$267,DI11)+ COUNTIFS($D$25:$D$267,Parameters!$K$4,$E$25:$E$267,Parameters!$M$4,Calendrier!$C$25:$C$267,DI11)) -> 0 | KX11: =IF(DJ11="","",COUNTIFS($D$25:$D$267,Parameters!$K$2,$E$25:$E$267,Parameters!$M$4,Calendrier!$C$25:$C$267,DJ11)+ COUNTIFS($D$25:$D$267,Parameters!$K$3,$E$25:$E$267,Parameters!$M$4,Calendrier!$C$25:$C$267,DJ11)) -> 0 | KY11: =IF(DK11="","",COUNTIFS($D$25:$D$267,Parameters!$K$2,$E$25:$E$267,Parameters!$M$4,Calendrier!$C$25:$C$267,DK11)+ COUNTIFS($D$25:$D$267,Parameters!$K$4,$E$25:$E$267,Parameters!$M$4,Calendrier!$C$25:$C$267,DK11)) -> 0 | KZ11: =IF(DL11="","",COUNTIFS($D$25:$D$267,Parameters!$K$2,$E$25:$E$267,Parameters!$M$4,Calendrier!$C$25:$C$267,DL11)+ COUNTIFS($D$25:$D$267,Parameters!$K$3,$E$25:$E$267,Parameters!$M$4,Calendrier!$C$25:$C$267,DL11)) -> 0 | LA11: =IF(DM11="","",COUNTIFS($D$25:$D$267,Parameters!$K$2,$E$25:$E$267,Parameters!$M$4,Calendrier!$C$25:$C$267,DM11)+ COUNTIFS($D$25:$D$267,Parameters!$K$4,$E$25:$E$267,Parameters!$M$4,Calendrier!$C$25:$C$267,DM11)) -> 0 | LB11: =IF(DN11="","",COUNTIFS($D$25:$D$267,Parameters!$K$2,$E$25:$E$267,Parameters!$M$4,Calendrier!$C$25:$C$267,DN11)+ COUNTIFS($D$25:$D$267,Parameters!$K$3,$E$25:$E$267,Parameters!$M$4,Calendrier!$C$25:$C$267,DN11)) -> 0 | LC11: =IF(DO11="","",COUNTIFS($D$25:$D$267,Parameters!$K$2,$E$25:$E$267,Parameters!$M$4,Calendrier!$C$25:$C$267,DO11)+ COUNTIFS($D$25:$D$267,Parameters!$K$4,$E$25:$E$267,Parameters!$M$4,Calendrier!$C$25:$C$267,DO11)) -> 0 | LD11: =IF(DP11="","",COUNTIFS($D$25:$D$267,Parameters!$K$2,$E$25:$E$267,Parameters!$M$4,Calendrier!$C$25:$C$267,DP11)+ COUNTIFS($D$25:$D$267,Parameters!$K$3,$E$25:$E$267,Parameters!$M$4,Calendrier!$C$25:$C$267,DP11)) -> 0 | LE11: =IF(DQ11="","",COUNTIFS($D$25:$D$267,Parameters!$K$2,$E$25:$E$267,Parameters!$M$4,Calendrier!$C$25:$C$267,DQ11)+ COUNTIFS($D$25:$D$267,Parameters!$K$4,$E$25:$E$267,Parameters!$M$4,Calendrier!$C$25:$C$267,DQ11)) -> 0 | LF11: =IF(DR11="","",COUNTIFS($D$25:$D$267,Parameters!$K$2,$E$25:$E$267,Parameters!$M$4,Calendrier!$C$25:$C$267,DR11)+ COUNTIFS($D$25:$D$267,Parameters!$K$3,$E$25:$E$267,Parameters!$M$4,Calendrier!$C$25:$C$267,DR11)) -> 0 | LG11: =IF(DS11="","",COUNTIFS($D$25:$D$267,Parameters!$K$2,$E$25:$E$267,Parameters!$M$4,Calendrier!$C$25:$C$267,DS11)+ COUNTIFS($D$25:$D$267,Parameters!$K$4,$E$25:$E$267,Parameters!$M$4,Calendrier!$C$25:$C$267,DS11)) -> 0 | LH11: =IF(DT11="","",COUNTIFS($D$25:$D$267,Parameters!$K$2,$E$25:$E$267,Parameters!$M$4,Calendrier!$C$25:$C$267,DT11)+ COUNTIFS($D$25:$D$267,Parameters!$K$3,$E$25:$E$267,Parameters!$M$4,Calendrier!$C$25:$C$267,DT11)) -> 0 | LI11: =IF(DU11="","",COUNTIFS($D$25:$D$267,Parameters!$K$2,$E$25:$E$267,Parameters!$M$4,Calendrier!$C$25:$C$267,DU11)+ COUNTIFS($D$25:$D$267,Parameters!$K$4,$E$25:$E$267,Parameters!$M$4,Calendrier!$C$25:$C$267,DU11)) -> 0 | LL11: =IF(DX11="","",COUNTIFS($D$25:$D$267,Parameters!$K$2,$E$25:$E$267,Parameters!$M$4,Calendrier!$C$25:$C$267,DX11)+ COUNTIFS($D$25:$D$267,Parameters!$K$3,$E$25:$E$267,Parameters!$M$4,Calendrier!$C$25:$C$267,DX11)) -> 0 | LM11: =IF(DY11="","",COUNTIFS($D$25:$D$267,Parameters!$K$2,$E$25:$E$267,Parameters!$M$4,Calendrier!$C$25:$C$267,DY11)+ COUNTIFS($D$25:$D$267,Parameters!$K$4,$E$25:$E$267,Parameters!$M$4,Calendrier!$C$25:$C$267,DY11)) -> 0 | LN11: =IF(DZ11="","",COUNTIFS($D$25:$D$267,Parameters!$K$2,$E$25:$E$267,Parameters!$M$4,Calendrier!$C$25:$C$267,DZ11)+ COUNTIFS($D$25:$D$267,Parameters!$K$3,$E$25:$E$267,Parameters!$M$4,Calendrier!$C$25:$C$267,DZ11)) -> 0 | LO11: =IF(EA11="","",COUNTIFS($D$25:$D$267,Parameters!$K$2,$E$25:$E$267,Parameters!$M$4,Calendrier!$C$25:$C$267,EA11)+ COUNTIFS($D$25:$D$267,Parameters!$K$4,$E$25:$E$267,Parameters!$M$4,Calendrier!$C$25:$C$267,EA11)) -> 0 | LP11: =IF(EB11="","",COUNTIFS($D$25:$D$267,Parameters!$K$2,$E$25:$E$267,Parameters!$M$4,Calendrier!$C$25:$C$267,EB11)+ COUNTIFS($D$25:$D$267,Parameters!$K$3,$E$25:$E$267,Parameters!$M$4,Calendrier!$C$25:$C$267,EB11)) -> 0 | LQ11: =IF(EC11="","",COUNTIFS($D$25:$D$267,Parameters!$K$2,$E$25:$E$267,Parameters!$M$4,Calendrier!$C$25:$C$267,EC11)+ COUNTIFS($D$25:$D$267,Parameters!$K$4,$E$25:$E$267,Parameters!$M$4,Calendrier!$C$25:$C$267,EC11)) -> 0 | LR11: =IF(ED11="","",COUNTIFS($D$25:$D$267,Parameters!$K$2,$E$25:$E$267,Parameters!$M$4,Calendrier!$C$25:$C$267,ED11)+ COUNTIFS($D$25:$D$267,Parameters!$K$3,$E$25:$E$267,Parameters!$M$4,Calendrier!$C$25:$C$267,ED11)) -> 0 | LS11: =IF(EE11="","",COUNTIFS($D$25:$D$267,Parameters!$K$2,$E$25:$E$267,Parameters!$M$4,Calendrier!$C$25:$C$267,EE11)+ COUNTIFS($D$25:$D$267,Parameters!$K$4,$E$25:$E$267,Parameters!$M$4,Calendrier!$C$25:$C$267,EE11)) -> 0 | LT11: =IF(EF11="","",COUNTIFS($D$25:$D$267,Parameters!$K$2,$E$25:$E$267,Parameters!$M$4,Calendrier!$C$25:$C$267,EF11)+ COUNTIFS($D$25:$D$267,Parameters!$K$3,$E$25:$E$267,Parameters!$M$4,Calendrier!$C$25:$C$267,EF11)) -> 0 | LU11: =IF(EG11="","",COUNTIFS($D$25:$D$267,Parameters!$K$2,$E$25:$E$267,Parameters!$M$4,Calendrier!$C$25:$C$267,EG11)+ COUNTIFS($D$25:$D$267,Parameters!$K$4,$E$25:$E$267,Parameters!$M$4,Calendrier!$C$25:$C$267,EG11)) -> 0 | LV11: =IF(EH11="","",COUNTIFS($D$25:$D$267,Parameters!$K$2,$E$25:$E$267,Parameters!$M$4,Calendrier!$C$25:$C$267,EH11)+ COUNTIFS($D$25:$D$267,Parameters!$K$3,$E$25:$E$267,Parameters!$M$4,Calendrier!$C$25:$C$267,EH11)) -> 0 | LW11: =IF(EI11="","",COUNTIFS($D$25:$D$267,Parameters!$K$2,$E$25:$E$267,Parameters!$M$4,Calendrier!$C$25:$C$267,EI11)+ COUNTIFS($D$25:$D$267,Parameters!$K$4,$E$25:$E$267,Parameters!$M$4,Calendrier!$C$25:$C$267,EI11)) -> 0 | LX11: =IF(EJ11="","",COUNTIFS($D$25:$D$267,Parameters!$K$2,$E$25:$E$267,Parameters!$M$4,Calendrier!$C$25:$C$267,EJ11)+ COUNTIFS($D$25:$D$267,Parameters!$K$3,$E$25:$E$267,Parameters!$M$4,Calendrier!$C$25:$C$267,EJ11)) -> 0 | LY11: =IF(EK11="","",COUNTIFS($D$25:$D$267,Parameters!$K$2,$E$25:$E$267,Parameters!$M$4,Calendrier!$C$25:$C$267,EK11)+ COUNTIFS($D$25:$D$267,Parameters!$K$4,$E$25:$E$267,Parameters!$M$4,Calendrier!$C$25:$C$267,EK11)) -> 0 | MB11: =IF(EN11="","",COUNTIFS($D$25:$D$267,Parameters!$K$2,$E$25:$E$267,Parameters!$M$4,Calendrier!$C$25:$C$267,EN11)+ COUNTIFS($D$25:$D$267,Parameters!$K$3,$E$25:$E$267,Parameters!$M$4,Calendrier!$C$25:$C$267,EN11)) -> 0 | MC11: =IF(EO11="","",COUNTIFS($D$25:$D$267,Parameters!$K$2,$E$25:$E$267,Parameters!$M$4,Calendrier!$C$25:$C$267,EO11)+ COUNTIFS($D$25:$D$267,Parameters!$K$4,$E$25:$E$267,Parameters!$M$4,Calendrier!$C$25:$C$267,EO11)) -> 0 | MD11: =IF(EP11="","",COUNTIFS($D$25:$D$267,Parameters!$K$2,$E$25:$E$267,Parameters!$M$4,Calendrier!$C$25:$C$267,EP11)+ COUNTIFS($D$25:$D$267,Parameters!$K$3,$E$25:$E$267,Parameters!$M$4,Calendrier!$C$25:$C$267,EP11)) -> 0 | ME11: =IF(EQ11="","",COUNTIFS($D$25:$D$267,Parameters!$K$2,$E$25:$E$267,Parameters!$M$4,Calendrier!$C$25:$C$267,EQ11)+ COUNTIFS($D$25:$D$267,Parameters!$K$4,$E$25:$E$267,Parameters!$M$4,Calendrier!$C$25:$C$267,EQ11)) -> 0 | MF11: =IF(ER11="","",COUNTIFS($D$25:$D$267,Parameters!$K$2,$E$25:$E$267,Parameters!$M$4,Calendrier!$C$25:$C$267,ER11)+ COUNTIFS($D$25:$D$267,Parameters!$K$3,$E$25:$E$267,Parameters!$M$4,Calendrier!$C$25:$C$267,ER11)) -> 0 | MG11: =IF(ES11="","",COUNTIFS($D$25:$D$267,Parameters!$K$2,$E$25:$E$267,Parameters!$M$4,Calendrier!$C$25:$C$267,ES11)+ COUNTIFS($D$25:$D$267,Parameters!$K$4,$E$25:$E$267,Parameters!$M$4,Calendrier!$C$25:$C$267,ES11)) -> 0 | MH11: =IF(ET11="","",COUNTIFS($D$25:$D$267,Parameters!$K$2,$E$25:$E$267,Parameters!$M$4,Calendrier!$C$25:$C$267,ET11)+ COUNTIFS($D$25:$D$267,Parameters!$K$3,$E$25:$E$267,Parameters!$M$4,Calendrier!$C$25:$C$267,ET11)) -> 0 | MI11: =IF(EU11="","",COUNTIFS($D$25:$D$267,Parameters!$K$2,$E$25:$E$267,Parameters!$M$4,Calendrier!$C$25:$C$267,EU11)+ COUNTIFS($D$25:$D$267,Parameters!$K$4,$E$25:$E$267,Parameters!$M$4,Calendrier!$C$25:$C$267,EU11)) -> 0 | MJ11: =IF(EV11="","",COUNTIFS($D$25:$D$267,Parameters!$K$2,$E$25:$E$267,Parameters!$M$4,Calendrier!$C$25:$C$267,EV11)+ COUNTIFS($D$25:$D$267,Parameters!$K$3,$E$25:$E$267,Parameters!$M$4,Calendrier!$C$25:$C$267,EV11)) -> 0 | MK11: =IF(EW11="","",COUNTIFS($D$25:$D$267,Parameters!$K$2,$E$25:$E$267,Parameters!$M$4,Calendrier!$C$25:$C$267,EW11)+ COUNTIFS($D$25:$D$267,Parameters!$K$4,$E$25:$E$267,Parameters!$M$4,Calendrier!$C$25:$C$267,EW11)) -> 0 | ML11: =IF(EX11="","",COUNTIFS($D$25:$D$267,Parameters!$K$2,$E$25:$E$267,Parameters!$M$4,Calendrier!$C$25:$C$267,EX11)+ COUNTIFS($D$25:$D$267,Parameters!$K$3,$E$25:$E$267,Parameters!$M$4,Calendrier!$C$25:$C$267,EX11)) -> 0 | MM11: =IF(EY11="","",COUNTIFS($D$25:$D$267,Parameters!$K$2,$E$25:$E$267,Parameters!$M$4,Calendrier!$C$25:$C$267,EY11)+ COUNTIFS($D$25:$D$267,Parameters!$K$4,$E$25:$E$267,Parameters!$M$4,Calendrier!$C$25:$C$267,EY11)) -> 0 | MN11: =IF(EZ11="","",COUNTIFS($D$25:$D$267,Parameters!$K$2,$E$25:$E$267,Parameters!$M$4,Calendrier!$C$25:$C$267,EZ11)+ COUNTIFS($D$25:$D$267,Parameters!$K$3,$E$25:$E$267,Parameters!$M$4,Calendrier!$C$25:$C$267,EZ11)) -> 0 | MO11: =IF(FA11="","",COUNTIFS($D$25:$D$267,Parameters!$K$2,$E$25:$E$267,Parameters!$M$4,Calendrier!$C$25:$C$267,FA11)+ COUNTIFS($D$25:$D$267,Parameters!$K$4,$E$25:$E$267,Parameters!$M$4,Calendrier!$C$25:$C$267,FA11)) -> 0 | MS11: =IF(DH11="","",COUNTIFS($D$25:$D$267,Parameters!$K$2,$E$25:$E$267,Parameters!$M$5,Calendrier!$C$25:$C$267,DH11)+ COUNTIFS($D$25:$D$267,Parameters!$K$3,$E$25:$E$267,Parameters!$M$5,Calendrier!$C$25:$C$267,DH11)) -> 0 | MT11: =IF(DI11="","",COUNTIFS($D$25:$D$267,Parameters!$K$2,$E$25:$E$267,Parameters!$M$5,Calendrier!$C$25:$C$267,DI11)+ COUNTIFS($D$25:$D$267,Parameters!$K$4,$E$25:$E$267,Parameters!$M$5,Calendrier!$C$25:$C$267,DI11)) -> 0 | MU11: =IF(DJ11="","",COUNTIFS($D$25:$D$267,Parameters!$K$2,$E$25:$E$267,Parameters!$M$5,Calendrier!$C$25:$C$267,DJ11)+ COUNTIFS($D$25:$D$267,Parameters!$K$3,$E$25:$E$267,Parameters!$M$5,Calendrier!$C$25:$C$267,DJ11)) -> 0 | MV11: =IF(DK11="","",COUNTIFS($D$25:$D$267,Parameters!$K$2,$E$25:$E$267,Parameters!$M$5,Calendrier!$C$25:$C$267,DK11)+ COUNTIFS($D$25:$D$267,Parameters!$K$4,$E$25:$E$267,Parameters!$M$5,Calendrier!$C$25:$C$267,DK11)) -> 0 | MW11: =IF(DL11="","",COUNTIFS($D$25:$D$267,Parameters!$K$2,$E$25:$E$267,Parameters!$M$5,Calendrier!$C$25:$C$267,DL11)+ COUNTIFS($D$25:$D$267,Parameters!$K$3,$E$25:$E$267,Parameters!$M$5,Calendrier!$C$25:$C$267,DL11)) -> 0 | MX11: =IF(DM11="","",COUNTIFS($D$25:$D$267,Parameters!$K$2,$E$25:$E$267,Parameters!$M$5,Calendrier!$C$25:$C$267,DM11)+ COUNTIFS($D$25:$D$267,Parameters!$K$4,$E$25:$E$267,Parameters!$M$5,Calendrier!$C$25:$C$267,DM11)) -> 0 | MY11: =IF(DN11="","",COUNTIFS($D$25:$D$267,Parameters!$K$2,$E$25:$E$267,Parameters!$M$5,Calendrier!$C$25:$C$267,DN11)+ COUNTIFS($D$25:$D$267,Parameters!$K$3,$E$25:$E$267,Parameters!$M$5,Calendrier!$C$25:$C$267,DN11)) -> 0 | MZ11: =IF(DO11="","",COUNTIFS($D$25:$D$267,Parameters!$K$2,$E$25:$E$267,Parameters!$M$5,Calendrier!$C$25:$C$267,DO11)+ COUNTIFS($D$25:$D$267,Parameters!$K$4,$E$25:$E$267,Parameters!$M$5,Calendrier!$C$25:$C$267,DO11)) -> 0 | NA11: =IF(DP11="","",COUNTIFS($D$25:$D$267,Parameters!$K$2,$E$25:$E$267,Parameters!$M$5,Calendrier!$C$25:$C$267,DP11)+ COUNTIFS($D$25:$D$267,Parameters!$K$3,$E$25:$E$267,Parameters!$M$5,Calendrier!$C$25:$C$267,DP11)) -> 0 | NB11: =IF(DQ11="","",COUNTIFS($D$25:$D$267,Parameters!$K$2,$E$25:$E$267,Parameters!$M$5,Calendrier!$C$25:$C$267,DQ11)+ COUNTIFS($D$25:$D$267,Parameters!$K$4,$E$25:$E$267,Parameters!$M$5,Calendrier!$C$25:$C$267,DQ11)) -> 0 | NC11: =IF(DR11="","",COUNTIFS($D$25:$D$267,Parameters!$K$2,$E$25:$E$267,Parameters!$M$5,Calendrier!$C$25:$C$267,DR11)+ COUNTIFS($D$25:$D$267,Parameters!$K$3,$E$25:$E$267,Parameters!$M$5,Calendrier!$C$25:$C$267,DR11)) -> 0 | ND11: =IF(DS11="","",COUNTIFS($D$25:$D$267,Parameters!$K$2,$E$25:$E$267,Parameters!$M$5,Calendrier!$C$25:$C$267,DS11)+ COUNTIFS($D$25:$D$267,Parameters!$K$4,$E$25:$E$267,Parameters!$M$5,Calendrier!$C$25:$C$267,DS11)) -> 0 | NE11: =IF(DT11="","",COUNTIFS($D$25:$D$267,Parameters!$K$2,$E$25:$E$267,Parameters!$M$5,Calendrier!$C$25:$C$267,DT11)+ COUNTIFS($D$25:$D$267,Parameters!$K$3,$E$25:$E$267,Parameters!$M$5,Calendrier!$C$25:$C$267,DT11)) -> 0 | NF11: =IF(DU11="","",COUNTIFS($D$25:$D$267,Parameters!$K$2,$E$25:$E$267,Parameters!$M$5,Calendrier!$C$25:$C$267,DU11)+ COUNTIFS($D$25:$D$267,Parameters!$K$4,$E$25:$E$267,Parameters!$M$5,Calendrier!$C$25:$C$267,DU11)) -> 0 | NI11: =IF(DX11="","",COUNTIFS($D$25:$D$267,Parameters!$K$2,$E$25:$E$267,Parameters!$M$5,Calendrier!$C$25:$C$267,DX11)+ COUNTIFS($D$25:$D$267,Parameters!$K$3,$E$25:$E$267,Parameters!$M$5,Calendrier!$C$25:$C$267,DX11)) -> 0 | NJ11: =IF(DY11="","",COUNTIFS($D$25:$D$267,Parameters!$K$2,$E$25:$E$267,Parameters!$M$5,Calendrier!$C$25:$C$267,DY11)+ COUNTIFS($D$25:$D$267,Parameters!$K$4,$E$25:$E$267,Parameters!$M$5,Calendrier!$C$25:$C$267,DY11)) -> 0 | NK11: =IF(DZ11="","",COUNTIFS($D$25:$D$267,Parameters!$K$2,$E$25:$E$267,Parameters!$M$5,Calendrier!$C$25:$C$267,DZ11)+ COUNTIFS($D$25:$D$267,Parameters!$K$3,$E$25:$E$267,Parameters!$M$5,Calendrier!$C$25:$C$267,DZ11)) -> 0 | NL11: =IF(EA11="","",COUNTIFS($D$25:$D$267,Parameters!$K$2,$E$25:$E$267,Parameters!$M$5,Calendrier!$C$25:$C$267,EA11)+ COUNTIFS($D$25:$D$267,Parameters!$K$4,$E$25:$E$267,Parameters!$M$5,Calendrier!$C$25:$C$267,EA11)) -> 0 | NM11: =IF(EB11="","",COUNTIFS($D$25:$D$267,Parameters!$K$2,$E$25:$E$267,Parameters!$M$5,Calendrier!$C$25:$C$267,EB11)+ COUNTIFS($D$25:$D$267,Parameters!$K$3,$E$25:$E$267,Parameters!$M$5,Calendrier!$C$25:$C$267,EB11)) -> 0 | NN11: =IF(EC11="","",COUNTIFS($D$25:$D$267,Parameters!$K$2,$E$25:$E$267,Parameters!$M$5,Calendrier!$C$25:$C$267,EC11)+ COUNTIFS($D$25:$D$267,Parameters!$K$4,$E$25:$E$267,Parameters!$M$5,Calendrier!$C$25:$C$267,EC11)) -> 0 | NO11: =IF(ED11="","",COUNTIFS($D$25:$D$267,Parameters!$K$2,$E$25:$E$267,Parameters!$M$5,Calendrier!$C$25:$C$267,ED11)+ COUNTIFS($D$25:$D$267,Parameters!$K$3,$E$25:$E$267,Parameters!$M$5,Calendrier!$C$25:$C$267,ED11)) -> 0 | NP11: =IF(EE11="","",COUNTIFS($D$25:$D$267,Parameters!$K$2,$E$25:$E$267,Parameters!$M$5,Calendrier!$C$25:$C$267,EE11)+ COUNTIFS($D$25:$D$267,Parameters!$K$4,$E$25:$E$267,Parameters!$M$5,Calendrier!$C$25:$C$267,EE11)) -> 0 | NQ11: =IF(EF11="","",COUNTIFS($D$25:$D$267,Parameters!$K$2,$E$25:$E$267,Parameters!$M$5,Calendrier!$C$25:$C$267,EF11)+ COUNTIFS($D$25:$D$267,Parameters!$K$3,$E$25:$E$267,Parameters!$M$5,Calendrier!$C$25:$C$267,EF11)) -> 0 | NR11: =IF(EG11="","",COUNTIFS($D$25:$D$267,Parameters!$K$2,$E$25:$E$267,Parameters!$M$5,Calendrier!$C$25:$C$267,EG11)+ COUNTIFS($D$25:$D$267,Parameters!$K$4,$E$25:$E$267,Parameters!$M$5,Calendrier!$C$25:$C$267,EG11)) -> 0 | NS11: =IF(EH11="","",COUNTIFS($D$25:$D$267,Parameters!$K$2,$E$25:$E$267,Parameters!$M$5,Calendrier!$C$25:$C$267,EH11)+ COUNTIFS($D$25:$D$267,Parameters!$K$3,$E$25:$E$267,Parameters!$M$5,Calendrier!$C$25:$C$267,EH11)) -> 0 | NT11: =IF(EI11="","",COUNTIFS($D$25:$D$267,Parameters!$K$2,$E$25:$E$267,Parameters!$M$5,Calendrier!$C$25:$C$267,EI11)+ COUNTIFS($D$25:$D$267,Parameters!$K$4,$E$25:$E$267,Parameters!$M$5,Calendrier!$C$25:$C$267,EI11)) -> 0 | NU11: =IF(EJ11="","",COUNTIFS($D$25:$D$267,Parameters!$K$2,$E$25:$E$267,Parameters!$M$5,Calendrier!$C$25:$C$267,EJ11)+ COUNTIFS($D$25:$D$267,Parameters!$K$3,$E$25:$E$267,Parameters!$M$5,Calendrier!$C$25:$C$267,EJ11)) -> 0 | NV11: =IF(EK11="","",COUNTIFS($D$25:$D$267,Parameters!$K$2,$E$25:$E$267,Parameters!$M$5,Calendrier!$C$25:$C$267,EK11)+ COUNTIFS($D$25:$D$267,Parameters!$K$4,$E$25:$E$267,Parameters!$M$5,Calendrier!$C$25:$C$267,EK11)) -> 0 | NY11: =IF(EN11="","",COUNTIFS($D$25:$D$267,Parameters!$K$2,$E$25:$E$267,Parameters!$M$5,Calendrier!$C$25:$C$267,EN11)+ COUNTIFS($D$25:$D$267,Parameters!$K$3,$E$25:$E$267,Parameters!$M$5,Calendrier!$C$25:$C$267,EN11)) -> 0 | NZ11: =IF(EO11="","",COUNTIFS($D$25:$D$267,Parameters!$K$2,$E$25:$E$267,Parameters!$M$5,Calendrier!$C$25:$C$267,EO11)+ COUNTIFS($D$25:$D$267,Parameters!$K$4,$E$25:$E$267,Parameters!$M$5,Calendrier!$C$25:$C$267,EO11)) -> 0 | OA11: =IF(EP11="","",COUNTIFS($D$25:$D$267,Parameters!$K$2,$E$25:$E$267,Parameters!$M$5,Calendrier!$C$25:$C$267,EP11)+ COUNTIFS($D$25:$D$267,Parameters!$K$3,$E$25:$E$267,Parameters!$M$5,Calendrier!$C$25:$C$267,EP11)) -> 0 | OB11: =IF(EQ11="","",COUNTIFS($D$25:$D$267,Parameters!$K$2,$E$25:$E$267,Parameters!$M$5,Calendrier!$C$25:$C$267,EQ11)+ COUNTIFS($D$25:$D$267,Parameters!$K$4,$E$25:$E$267,Parameters!$M$5,Calendrier!$C$25:$C$267,EQ11)) -> 0 | OC11: =IF(ER11="","",COUNTIFS($D$25:$D$267,Parameters!$K$2,$E$25:$E$267,Parameters!$M$5,Calendrier!$C$25:$C$267,ER11)+ COUNTIFS($D$25:$D$267,Parameters!$K$3,$E$25:$E$267,Parameters!$M$5,Calendrier!$C$25:$C$267,ER11)) -> 0 | OD11: =IF(ES11="","",COUNTIFS($D$25:$D$267,Parameters!$K$2,$E$25:$E$267,Parameters!$M$5,Calendrier!$C$25:$C$267,ES11)+ COUNTIFS($D$25:$D$267,Parameters!$K$4,$E$25:$E$267,Parameters!$M$5,Calendrier!$C$25:$C$267,ES11)) -> 0 | OE11: =IF(ET11="","",COUNTIFS($D$25:$D$267,Parameters!$K$2,$E$25:$E$267,Parameters!$M$5,Calendrier!$C$25:$C$267,ET11)+ COUNTIFS($D$25:$D$267,Parameters!$K$3,$E$25:$E$267,Parameters!$M$5,Calendrier!$C$25:$C$267,ET11)) -> 0 | OF11: =IF(EU11="","",COUNTIFS($D$25:$D$267,Parameters!$K$2,$E$25:$E$267,Parameters!$M$5,Calendrier!$C$25:$C$267,EU11)+ COUNTIFS($D$25:$D$267,Parameters!$K$4,$E$25:$E$267,Parameters!$M$5,Calendrier!$C$25:$C$267,EU11)) -> 0 | OG11: =IF(EV11="","",COUNTIFS($D$25:$D$267,Parameters!$K$2,$E$25:$E$267,Parameters!$M$5,Calendrier!$C$25:$C$267,EV11)+ COUNTIFS($D$25:$D$267,Parameters!$K$3,$E$25:$E$267,Parameters!$M$5,Calendrier!$C$25:$C$267,EV11)) -> 0 | OH11: =IF(EW11="","",COUNTIFS($D$25:$D$267,Parameters!$K$2,$E$25:$E$267,Parameters!$M$5,Calendrier!$C$25:$C$267,EW11)+ COUNTIFS($D$25:$D$267,Parameters!$K$4,$E$25:$E$267,Parameters!$M$5,Calendrier!$C$25:$C$267,EW11)) -> 0 | OI11: =IF(EX11="","",COUNTIFS($D$25:$D$267,Parameters!$K$2,$E$25:$E$267,Parameters!$M$5,Calendrier!$C$25:$C$267,EX11)+ COUNTIFS($D$25:$D$267,Parameters!$K$3,$E$25:$E$267,Parameters!$M$5,Calendrier!$C$25:$C$267,EX11)) -> 0 | OJ11: =IF(EY11="","",COUNTIFS($D$25:$D$267,Parameters!$K$2,$E$25:$E$267,Parameters!$M$5,Calendrier!$C$25:$C$267,EY11)+ COUNTIFS($D$25:$D$267,Parameters!$K$4,$E$25:$E$267,Parameters!$M$5,Calendrier!$C$25:$C$267,EY11)) -> 0 | OK11: =IF(EZ11="","",COUNTIFS($D$25:$D$267,Parameters!$K$2,$E$25:$E$267,Parameters!$M$5,Calendrier!$C$25:$C$267,EZ11)+ COUNTIFS($D$25:$D$267,Parameters!$K$3,$E$25:$E$267,Parameters!$M$5,Calendrier!$C$25:$C$267,EZ11)) -> 0 | OL11: =IF(FA11="","",COUNTIFS($D$25:$D$267,Parameters!$K$2,$E$25:$E$267,Parameters!$M$5,Calendrier!$C$25:$C$267,FA11)+ COUNTIFS($D$25:$D$267,Parameters!$K$4,$E$25:$E$267,Parameters!$M$5,Calendrier!$C$25:$C$267,FA11)) -> 0 | OP11: =IF(DH11="","",COUNTIFS(Parameters!$Y:$Y,$BF$4,Parameters!$X:$X,DH11)) -> 0 | OQ11: =IF(DI11="","",COUNTIFS(Parameters!$Y:$Y,$BF$4,Parameters!$X:$X,DI11)) -> 0 | OR11: =IF(DJ11="","",COUNTIFS(Parameters!$Y:$Y,$BF$4,Parameters!$X:$X,DJ11)) -> 0 | OS11: =IF(DK11="","",COUNTIFS(Parameters!$Y:$Y,$BF$4,Parameters!$X:$X,DK11)) -> 0 | OT11: =IF(DL11="","",COUNTIFS(Parameters!$Y:$Y,$BF$4,Parameters!$X:$X,DL11)) -> 0 | OU11: =IF(DM11="","",COUNTIFS(Parameters!$Y:$Y,$BF$4,Parameters!$X:$X,DM11)) -> 0 | OV11: =IF(DN11="","",COUNTIFS(Parameters!$Y:$Y,$BF$4,Parameters!$X:$X,DN11)) -> 0 | OW11: =IF(DO11="","",COUNTIFS(Parameters!$Y:$Y,$BF$4,Parameters!$X:$X,DO11)) -> 0 | ... PC11: =IF(DU11="","",COUNTIFS(Parameters!$Y:$Y,$BF$4,Parameters!$X:$X,DU11)) -> 0 | PF11: =IF(DX11="","",COUNTIFS(Parameters!$Y:$Y,$BF$4,Parameters!$X:$X,DX11)) -> 0 | PG11: =IF(DY11="","",COUNTIFS(Parameters!$Y:$Y,$BF$4,Parameters!$X:$X,DY11)) -> 0 | PH11: =IF(DZ11="","",COUNTIFS(Parameters!$Y:$Y,$BF$4,Parameters!$X:$X,DZ11)) -> 0 | PI11: =IF(EA11="","",COUNTIFS(Parameters!$Y:$Y,$BF$4,Parameters!$X:$X,EA11)) -> 0 | PJ11: =IF(EB11="","",COUNTIFS(Parameters!$Y:$Y,$BF$4,Parameters!$X:$X,EB11)) -> 0 | PK11: =IF(EC11="","",COUNTIFS(Parameters!$Y:$Y,$BF$4,Parameters!$X:$X,EC11)) -> 0 | PL11: =IF(ED11="","",COUNTIFS(Parameters!$Y:$Y,$BF$4,Parameters!$X:$X,ED11)) -> 0 | PM11: =IF(EE11="","",COUNTIFS(Parameters!$Y:$Y,$BF$4,Parameters!$X:$X,EE11)) -> 0 | ... PS11: =IF(EK11="","",COUNTIFS(Parameters!$Y:$Y,$BF$4,Parameters!$X:$X,EK11)) -> 0 | PV11: =IF(EN11="","",COUNTIFS(Parameters!$Y:$Y,$BF$4,Parameters!$X:$X,EN11)) -> 0 | PW11: =IF(EO11="","",COUNTIFS(Parameters!$Y:$Y,$BF$4,Parameters!$X:$X,EO11)) -> 0 | PX11: =IF(EP11="","",COUNTIFS(Parameters!$Y:$Y,$BF$4,Parameters!$X:$X,EP11)) -> 0 | PY11: =IF(EQ11="","",COUNTIFS(Parameters!$Y:$Y,$BF$4,Parameters!$X:$X,EQ11)) -> 0 | PZ11: =IF(ER11="","",COUNTIFS(Parameters!$Y:$Y,$BF$4,Parameters!$X:$X,ER11)) -> 0 | QA11: =IF(ES11="","",COUNTIFS(Parameters!$Y:$Y,$BF$4,Parameters!$X:$X,ES11)) -> 0 | QB11: =IF(ET11="","",COUNTIFS(Parameters!$Y:$Y,$BF$4,Parameters!$X:$X,ET11)) -> 0 | QC11: =IF(EU11="","",COUNTIFS(Parameters!$Y:$Y,$BF$4,Parameters!$X:$X,EU11)) -> 0 | ... QI11: =IF(FA11="","",COUNTIFS(Parameters!$Y:$Y,$BF$4,Parameters!$X:$X,FA11)) -> 0 | QN11: =IF(DH11="","",COUNTIFS($D$25:$D$267,Parameters!$K$2,$E$25:$E$267,Parameters!$M$6,Calendrier!$C$25:$C$267,DH11)+ COUNTIFS($D$25:$D$267,Parameters!$K$3,$E$25:$E$267,Parameters!$M$6,Calendrier!$C$25:$C$267,DH11)) -> 0 | QO11: =IF(DI11="","",COUNTIFS($D$25:$D$267,Parameters!$K$2,$E$25:$E$267,Parameters!$M$6,Calendrier!$C$25:$C$267,DI11)+ COUNTIFS($D$25:$D$267,Parameters!$K$4,$E$25:$E$267,Parameters!$M$6,Calendrier!$C$25:$C$267,DI11)) -> 0 | QP11: =IF(DJ11="","",COUNTIFS($D$25:$D$267,Parameters!$K$2,$E$25:$E$267,Parameters!$M$6,Calendrier!$C$25:$C$267,DJ11)+ COUNTIFS($D$25:$D$267,Parameters!$K$3,$E$25:$E$267,Parameters!$M$6,Calendrier!$C$25:$C$267,DJ11)) -> 0 | QQ11: =IF(DK11="","",COUNTIFS($D$25:$D$267,Parameters!$K$2,$E$25:$E$267,Parameters!$M$6,Calendrier!$C$25:$C$267,DK11)+ COUNTIFS($D$25:$D$267,Parameters!$K$4,$E$25:$E$267,Parameters!$M$6,Calendrier!$C$25:$C$267,DK11)) -> 0 | QR11: =IF(DL11="","",COUNTIFS($D$25:$D$267,Parameters!$K$2,$E$25:$E$267,Parameters!$M$6,Calendrier!$C$25:$C$267,DL11)+ COUNTIFS($D$25:$D$267,Parameters!$K$3,$E$25:$E$267,Parameters!$M$6,Calendrier!$C$25:$C$267,DL11)) -> 0 | QS11: =IF(DM11="","",COUNTIFS($D$25:$D$267,Parameters!$K$2,$E$25:$E$267,Parameters!$M$6,Calendrier!$C$25:$C$267,DM11)+ COUNTIFS($D$25:$D$267,Parameters!$K$4,$E$25:$E$267,Parameters!$M$6,Calendrier!$C$25:$C$267,DM11)) -> 0 | QT11: =IF(DN11="","",COUNTIFS($D$25:$D$267,Parameters!$K$2,$E$25:$E$267,Parameters!$M$6,Calendrier!$C$25:$C$267,DN11)+ COUNTIFS($D$25:$D$267,Parameters!$K$3,$E$25:$E$267,Parameters!$M$6,Calendrier!$C$25:$C$267,DN11)) -> 0 | QU11: =IF(DO11="","",COUNTIFS($D$25:$D$267,Parameters!$K$2,$E$25:$E$267,Parameters!$M$6,Calendrier!$C$25:$C$267,DO11)+ COUNTIFS($D$25:$D$267,Parameters!$K$4,$E$25:$E$267,Parameters!$M$6,Calendrier!$C$25:$C$267,DO11)) -> 0 | QV11: =IF(DP11="","",COUNTIFS($D$25:$D$267,Parameters!$K$2,$E$25:$E$267,Parameters!$M$6,Calendrier!$C$25:$C$267,DP11)+ COUNTIFS($D$25:$D$267,Parameters!$K$3,$E$25:$E$267,Parameters!$M$6,Calendrier!$C$25:$C$267,DP11)) -> 0 | QW11: =IF(DQ11="","",COUNTIFS($D$25:$D$267,Parameters!$K$2,$E$25:$E$267,Parameters!$M$6,Calendrier!$C$25:$C$267,DQ11)+ COUNTIFS($D$25:$D$267,Parameters!$K$4,$E$25:$E$267,Parameters!$M$6,Calendrier!$C$25:$C$267,DQ11)) -> 0 | QX11: =IF(DR11="","",COUNTIFS($D$25:$D$267,Parameters!$K$2,$E$25:$E$267,Parameters!$M$6,Calendrier!$C$25:$C$267,DR11)+ COUNTIFS($D$25:$D$267,Parameters!$K$3,$E$25:$E$267,Parameters!$M$6,Calendrier!$C$25:$C$267,DR11)) -> 0 | QY11: =IF(DS11="","",COUNTIFS($D$25:$D$267,Parameters!$K$2,$E$25:$E$267,Parameters!$M$6,Calendrier!$C$25:$C$267,DS11)+ COUNTIFS($D$25:$D$267,Parameters!$K$4,$E$25:$E$267,Parameters!$M$6,Calendrier!$C$25:$C$267,DS11)) -> 0 | QZ11: =IF(DT11="","",COUNTIFS($D$25:$D$267,Parameters!$K$2,$E$25:$E$267,Parameters!$M$6,Calendrier!$C$25:$C$267,DT11)+ COUNTIFS($D$25:$D$267,Parameters!$K$3,$E$25:$E$267,Parameters!$M$6,Calendrier!$C$25:$C$267,DT11)) -> 0 | RA11: =IF(DU11="","",COUNTIFS($D$25:$D$267,Parameters!$K$2,$E$25:$E$267,Parameters!$M$6,Calendrier!$C$25:$C$267,DU11)+ COUNTIFS($D$25:$D$267,Parameters!$K$4,$E$25:$E$267,Parameters!$M$6,Calendrier!$C$25:$C$267,DU11)) -> 0 | RD11: =IF(DX11="","",COUNTIFS($D$25:$D$267,Parameters!$K$2,$E$25:$E$267,Parameters!$M$6,Calendrier!$C$25:$C$267,DX11)+ COUNTIFS($D$25:$D$267,Parameters!$K$3,$E$25:$E$267,Parameters!$M$6,Calendrier!$C$25:$C$267,DX11)) -> 0 | RE11: =IF(DY11="","",COUNTIFS($D$25:$D$267,Parameters!$K$2,$E$25:$E$267,Parameters!$M$6,Calendrier!$C$25:$C$267,DY11)+ COUNTIFS($D$25:$D$267,Parameters!$K$4,$E$25:$E$267,Parameters!$M$6,Calendrier!$C$25:$C$267,DY11)) -> 0 | RF11: =IF(DZ11="","",COUNTIFS($D$25:$D$267,Parameters!$K$2,$E$25:$E$267,Parameters!$M$6,Calendrier!$C$25:$C$267,DZ11)+ COUNTIFS($D$25:$D$267,Parameters!$K$3,$E$25:$E$267,Parameters!$M$6,Calendrier!$C$25:$C$267,DZ11)) -> 0 | RG11: =IF(EA11="","",COUNTIFS($D$25:$D$267,Parameters!$K$2,$E$25:$E$267,Parameters!$M$6,Calendrier!$C$25:$C$267,EA11)+ COUNTIFS($D$25:$D$267,Parameters!$K$4,$E$25:$E$267,Parameters!$M$6,Calendrier!$C$25:$C$267,EA11)) -> 0 | RH11: =IF(EB11="","",COUNTIFS($D$25:$D$267,Parameters!$K$2,$E$25:$E$267,Parameters!$M$6,Calendrier!$C$25:$C$267,EB11)+ COUNTIFS($D$25:$D$267,Parameters!$K$3,$E$25:$E$267,Parameters!$M$6,Calendrier!$C$25:$C$267,EB11)) -> 0 | RI11: =IF(EC11="","",COUNTIFS($D$25:$D$267,Parameters!$K$2,$E$25:$E$267,Parameters!$M$6,Calendrier!$C$25:$C$267,EC11)+ COUNTIFS($D$25:$D$267,Parameters!$K$4,$E$25:$E$267,Parameters!$M$6,Calendrier!$C$25:$C$267,EC11)) -> 0 | RJ11: =IF(ED11="","",COUNTIFS($D$25:$D$267,Parameters!$K$2,$E$25:$E$267,Parameters!$M$6,Calendrier!$C$25:$C$267,ED11)+ COUNTIFS($D$25:$D$267,Parameters!$K$3,$E$25:$E$267,Parameters!$M$6,Calendrier!$C$25:$C$267,ED11)) -> 0 | RK11: =IF(EE11="","",COUNTIFS($D$25:$D$267,Parameters!$K$2,$E$25:$E$267,Parameters!$M$6,Calendrier!$C$25:$C$267,EE11)+ COUNTIFS($D$25:$D$267,Parameters!$K$4,$E$25:$E$267,Parameters!$M$6,Calendrier!$C$25:$C$267,EE11)) -> 0 | RL11: =IF(EF11="","",COUNTIFS($D$25:$D$267,Parameters!$K$2,$E$25:$E$267,Parameters!$M$6,Calendrier!$C$25:$C$267,EF11)+ COUNTIFS($D$25:$D$267,Parameters!$K$3,$E$25:$E$267,Parameters!$M$6,Calendrier!$C$25:$C$267,EF11)) -> 0 | RM11: =IF(EG11="","",COUNTIFS($D$25:$D$267,Parameters!$K$2,$E$25:$E$267,Parameters!$M$6,Calendrier!$C$25:$C$267,EG11)+ COUNTIFS($D$25:$D$267,Parameters!$K$4,$E$25:$E$267,Parameters!$M$6,Calendrier!$C$25:$C$267,EG11)) -> 0 | RN11: =IF(EH11="","",COUNTIFS($D$25:$D$267,Parameters!$K$2,$E$25:$E$267,Parameters!$M$6,Calendrier!$C$25:$C$267,EH11)+ COUNTIFS($D$25:$D$267,Parameters!$K$3,$E$25:$E$267,Parameters!$M$6,Calendrier!$C$25:$C$267,EH11)) -> 0 | RO11: =IF(EI11="","",COUNTIFS($D$25:$D$267,Parameters!$K$2,$E$25:$E$267,Parameters!$M$6,Calendrier!$C$25:$C$267,EI11)+ COUNTIFS($D$25:$D$267,Parameters!$K$4,$E$25:$E$267,Parameters!$M$6,Calendrier!$C$25:$C$267,EI11)) -> 0 | RP11: =IF(EJ11="","",COUNTIFS($D$25:$D$267,Parameters!$K$2,$E$25:$E$267,Parameters!$M$6,Calendrier!$C$25:$C$267,EJ11)+ COUNTIFS($D$25:$D$267,Parameters!$K$3,$E$25:$E$267,Parameters!$M$6,Calendrier!$C$25:$C$267,EJ11)) -> 0 | RQ11: =IF(EK11="","",COUNTIFS($D$25:$D$267,Parameters!$K$2,$E$25:$E$267,Parameters!$M$6,Calendrier!$C$25:$C$267,EK11)+ COUNTIFS($D$25:$D$267,Parameters!$K$4,$E$25:$E$267,Parameters!$M$6,Calendrier!$C$25:$C$267,EK11)) -> 0 | RT11: =IF(EN11="","",COUNTIFS($D$25:$D$267,Parameters!$K$2,$E$25:$E$267,Parameters!$M$6,Calendrier!$C$25:$C$267,EN11)+ COUNTIFS($D$25:$D$267,Parameters!$K$3,$E$25:$E$267,Parameters!$M$6,Calendrier!$C$25:$C$267,EN11)) -> 0 | RU11: =IF(EO11="","",COUNTIFS($D$25:$D$267,Parameters!$K$2,$E$25:$E$267,Parameters!$M$6,Calendrier!$C$25:$C$267,EO11)+ COUNTIFS($D$25:$D$267,Parameters!$K$4,$E$25:$E$267,Parameters!$M$6,Calendrier!$C$25:$C$267,EO11)) -> 0 | RV11: =IF(EP11="","",COUNTIFS($D$25:$D$267,Parameters!$K$2,$E$25:$E$267,Parameters!$M$6,Calendrier!$C$25:$C$267,EP11)+ COUNTIFS($D$25:$D$267,Parameters!$K$3,$E$25:$E$267,Parameters!$M$6,Calendrier!$C$25:$C$267,EP11)) -> 0 | RW11: =IF(EQ11="","",COUNTIFS($D$25:$D$267,Parameters!$K$2,$E$25:$E$267,Parameters!$M$6,Calendrier!$C$25:$C$267,EQ11)+ COUNTIFS($D$25:$D$267,Parameters!$K$4,$E$25:$E$267,Parameters!$M$6,Calendrier!$C$25:$C$267,EQ11)) -> 0 | RX11: =IF(ER11="","",COUNTIFS($D$25:$D$267,Parameters!$K$2,$E$25:$E$267,Parameters!$M$6,Calendrier!$C$25:$C$267,ER11)+ COUNTIFS($D$25:$D$267,Parameters!$K$3,$E$25:$E$267,Parameters!$M$6,Calendrier!$C$25:$C$267,ER11)) -> 0 | RY11: =IF(ES11="","",COUNTIFS($D$25:$D$267,Parameters!$K$2,$E$25:$E$267,Parameters!$M$6,Calendrier!$C$25:$C$267,ES11)+ COUNTIFS($D$25:$D$267,Parameters!$K$4,$E$25:$E$267,Parameters!$M$6,Calendrier!$C$25:$C$267,ES11)) -> 0 | RZ11: =IF(ET11="","",COUNTIFS($D$25:$D$267,Parameters!$K$2,$E$25:$E$267,Parameters!$M$6,Calendrier!$C$25:$C$267,ET11)+ COUNTIFS($D$25:$D$267,Parameters!$K$3,$E$25:$E$267,Parameters!$M$6,Calendrier!$C$25:$C$267,ET11)) -> 0 | SA11: =IF(EU11="","",COUNTIFS($D$25:$D$267,Parameters!$K$2,$E$25:$E$267,Parameters!$M$6,Calendrier!$C$25:$C$267,EU11)+ COUNTIFS($D$25:$D$267,Parameters!$K$4,$E$25:$E$267,Parameters!$M$6,Calendrier!$C$25:$C$267,EU11)) -> 0 | SB11: =IF(EV11="","",COUNTIFS($D$25:$D$267,Parameters!$K$2,$E$25:$E$267,Parameters!$M$6,Calendrier!$C$25:$C$267,EV11)+ COUNTIFS($D$25:$D$267,Parameters!$K$3,$E$25:$E$267,Parameters!$M$6,Calendrier!$C$25:$C$267,EV11)) -> 0 | SC11: =IF(EW11="","",COUNTIFS($D$25:$D$267,Parameters!$K$2,$E$25:$E$267,Parameters!$M$6,Calendrier!$C$25:$C$267,EW11)+ COUNTIFS($D$25:$D$267,Parameters!$K$4,$E$25:$E$267,Parameters!$M$6,Calendrier!$C$25:$C$267,EW11)) -> 0 | SD11: =IF(EX11="","",COUNTIFS($D$25:$D$267,Parameters!$K$2,$E$25:$E$267,Parameters!$M$6,Calendrier!$C$25:$C$267,EX11)+ COUNTIFS($D$25:$D$267,Parameters!$K$3,$E$25:$E$267,Parameters!$M$6,Calendrier!$C$25:$C$267,EX11)) -> 0 | SE11: =IF(EY11="","",COUNTIFS($D$25:$D$267,Parameters!$K$2,$E$25:$E$267,Parameters!$M$6,Calendrier!$C$25:$C$267,EY11)+ COUNTIFS($D$25:$D$267,Parameters!$K$4,$E$25:$E$267,Parameters!$M$6,Calendrier!$C$25:$C$267,EY11)) -> 0 | SF11: =IF(EZ11="","",COUNTIFS($D$25:$D$267,Parameters!$K$2,$E$25:$E$267,Parameters!$M$6,Calendrier!$C$25:$C$267,EZ11)+ COUNTIFS($D$25:$D$267,Parameters!$K$3,$E$25:$E$267,Parameters!$M$6,Calendrier!$C$25:$C$267,EZ11)) -> 0 | SG11: =IF(FA11="","",COUNTIFS($D$25:$D$267,Parameters!$K$2,$E$25:$E$267,Parameters!$M$6,Calendrier!$C$25:$C$267,FA11)+ COUNTIFS($D$25:$D$267,Parameters!$K$4,$E$25:$E$267,Parameters!$M$6,Calendrier!$C$25:$C$267,FA11)) -> 0 | SL11: =IF(DH11="","",COUNTIFS($D$25:$D$267,Parameters!$K$2,$E$25:$E$267,Parameters!$M$7,Calendrier!$C$25:$C$267,DH11)+ COUNTIFS($D$25:$D$267,Parameters!$K$3,$E$25:$E$267,Parameters!$M$7,Calendrier!$C$25:$C$267,DH11)) -> 0 | SM11: =IF(DI11="","",COUNTIFS($D$25:$D$267,Parameters!$K$2,$E$25:$E$267,Parameters!$M$7,Calendrier!$C$25:$C$267,DI11)+ COUNTIFS($D$25:$D$267,Parameters!$K$4,$E$25:$E$267,Parameters!$M$7,Calendrier!$C$25:$C$267,DI11)) -> 0 | SN11: =IF(DJ11="","",COUNTIFS($D$25:$D$267,Parameters!$K$2,$E$25:$E$267,Parameters!$M$7,Calendrier!$C$25:$C$267,DJ11)+ COUNTIFS($D$25:$D$267,Parameters!$K$3,$E$25:$E$267,Parameters!$M$7,Calendrier!$C$25:$C$267,DJ11)) -> 0 | SO11: =IF(DK11="","",COUNTIFS($D$25:$D$267,Parameters!$K$2,$E$25:$E$267,Parameters!$M$7,Calendrier!$C$25:$C$267,DK11)+ COUNTIFS($D$25:$D$267,Parameters!$K$4,$E$25:$E$267,Parameters!$M$7,Calendrier!$C$25:$C$267,DK11)) -> 0 | SP11: =IF(DL11="","",COUNTIFS($D$25:$D$267,Parameters!$K$2,$E$25:$E$267,Parameters!$M$7,Calendrier!$C$25:$C$267,DL11)+ COUNTIFS($D$25:$D$267,Parameters!$K$3,$E$25:$E$267,Parameters!$M$7,Calendrier!$C$25:$C$267,DL11)) -> 0 | SQ11: =IF(DM11="","",COUNTIFS($D$25:$D$267,Parameters!$K$2,$E$25:$E$267,Parameters!$M$7,Calendrier!$C$25:$C$267,DM11)+ COUNTIFS($D$25:$D$267,Parameters!$K$4,$E$25:$E$267,Parameters!$M$7,Calendrier!$C$25:$C$267,DM11)) -> 0 | SR11: =IF(DN11="","",COUNTIFS($D$25:$D$267,Parameters!$K$2,$E$25:$E$267,Parameters!$M$7,Calendrier!$C$25:$C$267,DN11)+ COUNTIFS($D$25:$D$267,Parameters!$K$3,$E$25:$E$267,Parameters!$M$7,Calendrier!$C$25:$C$267,DN11)) -> 0 | SS11: =IF(DO11="","",COUNTIFS($D$25:$D$267,Parameters!$K$2,$E$25:$E$267,Parameters!$M$7,Calendrier!$C$25:$C$267,DO11)+ COUNTIFS($D$25:$D$267,Parameters!$K$4,$E$25:$E$267,Parameters!$M$7,Calendrier!$C$25:$C$267,DO11)) -> 0 | ST11: =IF(DP11="","",COUNTIFS($D$25:$D$267,Parameters!$K$2,$E$25:$E$267,Parameters!$M$7,Calendrier!$C$25:$C$267,DP11)+ COUNTIFS($D$25:$D$267,Parameters!$K$3,$E$25:$E$267,Parameters!$M$7,Calendrier!$C$25:$C$267,DP11)) -> 0 | SU11: =IF(DQ11="","",COUNTIFS($D$25:$D$267,Parameters!$K$2,$E$25:$E$267,Parameters!$M$7,Calendrier!$C$25:$C$267,DQ11)+ COUNTIFS($D$25:$D$267,Parameters!$K$4,$E$25:$E$267,Parameters!$M$7,Calendrier!$C$25:$C$267,DQ11)) -> 0 | SV11: =IF(DR11="","",COUNTIFS($D$25:$D$267,Parameters!$K$2,$E$25:$E$267,Parameters!$M$7,Calendrier!$C$25:$C$267,DR11)+ COUNTIFS($D$25:$D$267,Parameters!$K$3,$E$25:$E$267,Parameters!$M$7,Calendrier!$C$25:$C$267,DR11)) -> 0 | SW11: =IF(DS11="","",COUNTIFS($D$25:$D$267,Parameters!$K$2,$E$25:$E$267,Parameters!$M$7,Calendrier!$C$25:$C$267,DS11)+ COUNTIFS($D$25:$D$267,Parameters!$K$4,$E$25:$E$267,Parameters!$M$7,Calendrier!$C$25:$C$267,DS11)) -> 0 | SX11: =IF(DT11="","",COUNTIFS($D$25:$D$267,Parameters!$K$2,$E$25:$E$267,Parameters!$M$7,Calendrier!$C$25:$C$267,DT11)+ COUNTIFS($D$25:$D$267,Parameters!$K$3,$E$25:$E$267,Parameters!$M$7,Calendrier!$C$25:$C$267,DT11)) -> 0 | SY11: =IF(DU11="","",COUNTIFS($D$25:$D$267,Parameters!$K$2,$E$25:$E$267,Parameters!$M$7,Calendrier!$C$25:$C$267,DU11)+ COUNTIFS($D$25:$D$267,Parameters!$K$4,$E$25:$E$267,Parameters!$M$7,Calendrier!$C$25:$C$267,DU11)) -> 0 | TB11: =IF(DX11="","",COUNTIFS($D$25:$D$267,Parameters!$K$2,$E$25:$E$267,Parameters!$M$7,Calendrier!$C$25:$C$267,DX11)+ COUNTIFS($D$25:$D$267,Parameters!$K$3,$E$25:$E$267,Parameters!$M$7,Calendrier!$C$25:$C$267,DX11)) -> 0 | TC11: =IF(DY11="","",COUNTIFS($D$25:$D$267,Parameters!$K$2,$E$25:$E$267,Parameters!$M$7,Calendrier!$C$25:$C$267,DY11)+ COUNTIFS($D$25:$D$267,Parameters!$K$4,$E$25:$E$267,Parameters!$M$7,Calendrier!$C$25:$C$267,DY11)) -> 0 | TD11: =IF(DZ11="","",COUNTIFS($D$25:$D$267,Parameters!$K$2,$E$25:$E$267,Parameters!$M$7,Calendrier!$C$25:$C$267,DZ11)+ COUNTIFS($D$25:$D$267,Parameters!$K$3,$E$25:$E$267,Parameters!$M$7,Calendrier!$C$25:$C$267,DZ11)) -> 0 | TE11: =IF(EA11="","",COUNTIFS($D$25:$D$267,Parameters!$K$2,$E$25:$E$267,Parameters!$M$7,Calendrier!$C$25:$C$267,EA11)+ COUNTIFS($D$25:$D$267,Parameters!$K$4,$E$25:$E$267,Parameters!$M$7,Calendrier!$C$25:$C$267,EA11)) -> 0 | TF11: =IF(EB11="","",COUNTIFS($D$25:$D$267,Parameters!$K$2,$E$25:$E$267,Parameters!$M$7,Calendrier!$C$25:$C$267,EB11)+ COUNTIFS($D$25:$D$267,Parameters!$K$3,$E$25:$E$267,Parameters!$M$7,Calendrier!$C$25:$C$267,EB11)) -> 0 | TG11: =IF(EC11="","",COUNTIFS($D$25:$D$267,Parameters!$K$2,$E$25:$E$267,Parameters!$M$7,Calendrier!$C$25:$C$267,EC11)+ COUNTIFS($D$25:$D$267,Parameters!$K$4,$E$25:$E$267,Parameters!$M$7,Calendrier!$C$25:$C$267,EC11)) -> 0 | TH11: =IF(ED11="","",COUNTIFS($D$25:$D$267,Parameters!$K$2,$E$25:$E$267,Parameters!$M$7,Calendrier!$C$25:$C$267,ED11)+ COUNTIFS($D$25:$D$267,Parameters!$K$3,$E$25:$E$267,Parameters!$M$7,Calendrier!$C$25:$C$267,ED11)) -> 0 | TI11: =IF(EE11="","",COUNTIFS($D$25:$D$267,Parameters!$K$2,$E$25:$E$267,Parameters!$M$7,Calendrier!$C$25:$C$267,EE11)+ COUNTIFS($D$25:$D$267,Parameters!$K$4,$E$25:$E$267,Parameters!$M$7,Calendrier!$C$25:$C$267,EE11)) -> 0 | TJ11: =IF(EF11="","",COUNTIFS($D$25:$D$267,Parameters!$K$2,$E$25:$E$267,Parameters!$M$7,Calendrier!$C$25:$C$267,EF11)+ COUNTIFS($D$25:$D$267,Parameters!$K$3,$E$25:$E$267,Parameters!$M$7,Calendrier!$C$25:$C$267,EF11)) -> 0 | TK11: =IF(EG11="","",COUNTIFS($D$25:$D$267,Parameters!$K$2,$E$25:$E$267,Parameters!$M$7,Calendrier!$C$25:$C$267,EG11)+ COUNTIFS($D$25:$D$267,Parameters!$K$4,$E$25:$E$267,Parameters!$M$7,Calendrier!$C$25:$C$267,EG11)) -> 0 | TL11: =IF(EH11="","",COUNTIFS($D$25:$D$267,Parameters!$K$2,$E$25:$E$267,Parameters!$M$7,Calendrier!$C$25:$C$267,EH11)+ COUNTIFS($D$25:$D$267,Parameters!$K$3,$E$25:$E$267,Parameters!$M$7,Calendrier!$C$25:$C$267,EH11)) -> 0 | TM11: =IF(EI11="","",COUNTIFS($D$25:$D$267,Parameters!$K$2,$E$25:$E$267,Parameters!$M$7,Calendrier!$C$25:$C$267,EI11)+ COUNTIFS($D$25:$D$267,Parameters!$K$4,$E$25:$E$267,Parameters!$M$7,Calendrier!$C$25:$C$267,EI11)) -> 0 | TN11: =IF(EJ11="","",COUNTIFS($D$25:$D$267,Parameters!$K$2,$E$25:$E$267,Parameters!$M$7,Calendrier!$C$25:$C$267,EJ11)+ COUNTIFS($D$25:$D$267,Parameters!$K$3,$E$25:$E$267,Parameters!$M$7,Calendrier!$C$25:$C$267,EJ11)) -> 0 | TO11: =IF(EK11="","",COUNTIFS($D$25:$D$267,Parameters!$K$2,$E$25:$E$267,Parameters!$M$7,Calendrier!$C$25:$C$267,EK11)+ COUNTIFS($D$25:$D$267,Parameters!$K$4,$E$25:$E$267,Parameters!$M$7,Calendrier!$C$25:$C$267,EK11)) -> 0 | TR11: =IF(EN11="","",COUNTIFS($D$25:$D$267,Parameters!$K$2,$E$25:$E$267,Parameters!$M$7,Calendrier!$C$25:$C$267,EN11)+ COUNTIFS($D$25:$D$267,Parameters!$K$3,$E$25:$E$267,Parameters!$M$7,Calendrier!$C$25:$C$267,EN11)) -> 0 | TS11: =IF(EO11="","",COUNTIFS($D$25:$D$267,Parameters!$K$2,$E$25:$E$267,Parameters!$M$7,Calendrier!$C$25:$C$267,EO11)+ COUNTIFS($D$25:$D$267,Parameters!$K$4,$E$25:$E$267,Parameters!$M$7,Calendrier!$C$25:$C$267,EO11)) -> 0 | TT11: =IF(EP11="","",COUNTIFS($D$25:$D$267,Parameters!$K$2,$E$25:$E$267,Parameters!$M$7,Calendrier!$C$25:$C$267,EP11)+ COUNTIFS($D$25:$D$267,Parameters!$K$3,$E$25:$E$267,Parameters!$M$7,Calendrier!$C$25:$C$267,EP11)) -> 0 | TU11: =IF(EQ11="","",COUNTIFS($D$25:$D$267,Parameters!$K$2,$E$25:$E$267,Parameters!$M$7,Calendrier!$C$25:$C$267,EQ11)+ COUNTIFS($D$25:$D$267,Parameters!$K$4,$E$25:$E$267,Parameters!$M$7,Calendrier!$C$25:$C$267,EQ11)) -> 0 | TV11: =IF(ER11="","",COUNTIFS($D$25:$D$267,Parameters!$K$2,$E$25:$E$267,Parameters!$M$7,Calendrier!$C$25:$C$267,ER11)+ COUNTIFS($D$25:$D$267,Parameters!$K$3,$E$25:$E$267,Parameters!$M$7,Calendrier!$C$25:$C$267,ER11)) -> 0 | TW11: =IF(ES11="","",COUNTIFS($D$25:$D$267,Parameters!$K$2,$E$25:$E$267,Parameters!$M$7,Calendrier!$C$25:$C$267,ES11)+ COUNTIFS($D$25:$D$267,Parameters!$K$4,$E$25:$E$267,Parameters!$M$7,Calendrier!$C$25:$C$267,ES11)) -> 0 | TX11: =IF(ET11="","",COUNTIFS($D$25:$D$267,Parameters!$K$2,$E$25:$E$267,Parameters!$M$7,Calendrier!$C$25:$C$267,ET11)+ COUNTIFS($D$25:$D$267,Parameters!$K$3,$E$25:$E$267,Parameters!$M$7,Calendrier!$C$25:$C$267,ET11)) -> 0 | TY11: =IF(EU11="","",COUNTIFS($D$25:$D$267,Parameters!$K$2,$E$25:$E$267,Parameters!$M$7,Calendrier!$C$25:$C$267,EU11)+ COUNTIFS($D$25:$D$267,Parameters!$K$4,$E$25:$E$267,Parameters!$M$7,Calendrier!$C$25:$C$267,EU11)) -> 0 | TZ11: =IF(EV11="","",COUNTIFS($D$25:$D$267,Parameters!$K$2,$E$25:$E$267,Parameters!$M$7,Calendrier!$C$25:$C$267,EV11)+ COUNTIFS($D$25:$D$267,Parameters!$K$3,$E$25:$E$267,Parameters!$M$7,Calendrier!$C$25:$C$267,EV11)) -> 0 | UA11: =IF(EW11="","",COUNTIFS($D$25:$D$267,Parameters!$K$2,$E$25:$E$267,Parameters!$M$7,Calendrier!$C$25:$C$267,EW11)+ COUNTIFS($D$25:$D$267,Parameters!$K$4,$E$25:$E$267,Parameters!$M$7,Calendrier!$C$25:$C$267,EW11)) -> 0 | UB11: =IF(EX11="","",COUNTIFS($D$25:$D$267,Parameters!$K$2,$E$25:$E$267,Parameters!$M$7,Calendrier!$C$25:$C$267,EX11)+ COUNTIFS($D$25:$D$267,Parameters!$K$3,$E$25:$E$267,Parameters!$M$7,Calendrier!$C$25:$C$267,EX11)) -> 0 | UC11: =IF(EY11="","",COUNTIFS($D$25:$D$267,Parameters!$K$2,$E$25:$E$267,Parameters!$M$7,Calendrier!$C$25:$C$267,EY11)+ COUNTIFS($D$25:$D$267,Parameters!$K$4,$E$25:$E$267,Parameters!$M$7,Calendrier!$C$25:$C$267,EY11)) -> 0 | UD11: =IF(EZ11="","",COUNTIFS($D$25:$D$267,Parameters!$K$2,$E$25:$E$267,Parameters!$M$7,Calendrier!$C$25:$C$267,EZ11)+ COUNTIFS($D$25:$D$267,Parameters!$K$3,$E$25:$E$267,Parameters!$M$7,Calendrier!$C$25:$C$267,EZ11)) -> 0 | UE11: =IF(FA11="","",COUNTIFS($D$25:$D$267,Parameters!$K$2,$E$25:$E$267,Parameters!$M$7,Calendrier!$C$25:$C$267,FA11)+ COUNTIFS($D$25:$D$267,Parameters!$K$4,$E$25:$E$267,Parameters!$M$7,Calendrier!$C$25:$C$267,FA11)) -> 0
C12: Semaine Type: | E12: AM | F12: PM | L12: =X11+1 -> 12 | N12: =L12+1 -> 13 | P12: =N12+1 -> 14 | R12: =P12+1 -> 15 | T12: =R12+1 -> 16 | V12: =T12+1 -> 17 | X12: =V12+1 -> 18 | AB12: =AN11+1 -> 9 | AD12: =AB12+1 -> 10 | AF12: =AD12+1 -> 11 | AH12: =AF12+1 -> 12 | AJ12: =AH12+1 -> 13 | AL12: =AJ12+1 -> 14 | AN12: =AL12+1 -> 15 | AR12: =BD11+1 -> 9 | AT12: =AR12+1 -> 10 | AV12: =AT12+1 -> 11 | AX12: =AV12+1 -> 12 | AZ12: =AX12+1 -> 13 | BB12: =AZ12+1 -> 14 | BD12: =BB12+1 -> 15 | BK12: 1 | BL12: 1 | BM12: 1 | BN12: 1 | BO12: 1 | BP12: 1 | BQ12: 1 | BR12: 1 | BS12: 1 | BT12: 1 | BU12: 1 | BV12: 1 | BW12: 1 | CA12: 2 | CB12: 2 | CC12: 2 | CD12: 2 | CE12: 2 | CF12: 2 | CG12: 2 | CH12: 2 | CI12: 2 | CJ12: 2 | CK12: 2 | CL12: 2 | CM12: 2 | CQ12: 3 | CR12: 3 | CS12: 3 | CT12: 3 | CU12: 3 | CV12: 3 | CW12: 3 | CX12: 3 | CY12: 3 | CZ12: 3 | DA12: 3 | DB12: 3 | DC12: 3 | DH12: =IF(L12="","",DATE($K$2,BK12,L12)) -> 46034 | DI12: =DH12 -> 46034 | DJ12: =IF(N12="","",DATE($K$2,BM12,N12)) -> 46035 | DK12: =DJ12 -> 46035 | DL12: =IF(P12="","",DATE($K$2,BO12,P12)) -> 46036 | DM12: =DL12 -> 46036 | DN12: =IF(R12="","",DATE($K$2,BQ12,R12)) -> 46037 | DO12: =DN12 -> 46037 | DP12: =IF(T12="","",DATE($K$2,BS12,T12)) -> 46038 | DQ12: =DP12 -> 46038 | DR12: =IF(V12="","",DATE($K$2,BU12,V12)) -> 46039 | DS12: =DR12 -> 46039 | DT12: =IF(X12="","",DATE($K$2,BW12,X12)) -> 46040 | DU12: =DT12 -> 46040 | DX12: =IF(AB12="","",DATE($K$2,CA12,AB12)) -> 46062 | DY12: =DX12 -> 46062 | DZ12: =IF(AD12="","",DATE($K$2,CC12,AD12)) -> 46063 | EA12: =DZ12 -> 46063 | EB12: =IF(AF12="","",DATE($K$2,CE12,AF12)) -> 46064 | EC12: =EB12 -> 46064 | ED12: =IF(AH12="","",DATE($K$2,CG12,AH12)) -> 46065 | EE12: =ED12 -> 46065 | EF12: =IF(AJ12="","",DATE($K$2,CI12,AJ12)) -> 46066 | EG12: =EF12 -> 46066 | EH12: =IF(AL12="","",DATE($K$2,CK12,AL12)) -> 46067 | EI12: =EH12 -> 46067 | EJ12: =IF(AN12="","",DATE($K$2,CM12,AN12)) -> 46068 | EK12: =EJ12 -> 46068 | EN12: =IF(AR12="","",DATE($K$2,CQ12,AR12)) -> 46090 | EO12: =EN12 -> 46090 | EP12: =IF(AT12="","",DATE($K$2,CS12,AT12)) -> 46091 | EQ12: =EP12 -> 46091 | ER12: =IF(AV12="","",DATE($K$2,CU12,AV12)) -> 46092 | ES12: =ER12 -> 46092 | ET12: =IF(AX12="","",DATE($K$2,CW12,AX12)) -> 46093 | EU12: =ET12 -> 46093 | EV12: =IF(AZ12="","",DATE($K$2,CY12,AZ12)) -> 46094 | EW12: =EV12 -> 46094 | EX12: =IF(BB12="","",DATE($K$2,DA12,BB12)) -> 46095 | EY12: =EX12 -> 46095 | EZ12: =IF(BD12="","",DATE($K$2,DC12,BD12)) -> 46096 | FA12: =EZ12 -> 46096 | FE12: =COUNTIFS(Parameters!$S:$S,$D$4,Parameters!$Q:$Q,DH12) -> 0 | FF12: =COUNTIFS(Parameters!$S:$S,$D$4,Parameters!$Q:$Q,DI12) -> 0 | FG12: =COUNTIFS(Parameters!$S:$S,$D$4,Parameters!$Q:$Q,DJ12) -> 0 | FH12: =COUNTIFS(Parameters!$S:$S,$D$4,Parameters!$Q:$Q,DK12) -> 0 | FI12: =COUNTIFS(Parameters!$S:$S,$D$4,Parameters!$Q:$Q,DL12) -> 0 | FJ12: =COUNTIFS(Parameters!$S:$S,$D$4,Parameters!$Q:$Q,DM12) -> 0 | FK12: =COUNTIFS(Parameters!$S:$S,$D$4,Parameters!$Q:$Q,DN12) -> 0 | FL12: =COUNTIFS(Parameters!$S:$S,$D$4,Parameters!$Q:$Q,DO12) -> 0 | ... FR12: =COUNTIFS(Parameters!$S:$S,$D$4,Parameters!$Q:$Q,DU12) -> 0 | FU12: =COUNTIFS(Parameters!$S:$S,$D$4,Parameters!$Q:$Q,DX12) -> 0 | FV12: =COUNTIFS(Parameters!$S:$S,$D$4,Parameters!$Q:$Q,DY12) -> 0 | FW12: =COUNTIFS(Parameters!$S:$S,$D$4,Parameters!$Q:$Q,DZ12) -> 0 | FX12: =COUNTIFS(Parameters!$S:$S,$D$4,Parameters!$Q:$Q,EA12) -> 0 | FY12: =COUNTIFS(Parameters!$S:$S,$D$4,Parameters!$Q:$Q,EB12) -> 0 | FZ12: =COUNTIFS(Parameters!$S:$S,$D$4,Parameters!$Q:$Q,EC12) -> 0 | GA12: =COUNTIFS(Parameters!$S:$S,$D$4,Parameters!$Q:$Q,ED12) -> 0 | GB12: =COUNTIFS(Parameters!$S:$S,$D$4,Parameters!$Q:$Q,EE12) -> 0 | ... GH12: =COUNTIFS(Parameters!$S:$S,$D$4,Parameters!$Q:$Q,EK12) -> 0 | GK12: =COUNTIFS(Parameters!$S:$S,$D$4,Parameters!$Q:$Q,EN12) -> 0 | GL12: =COUNTIFS(Parameters!$S:$S,$D$4,Parameters!$Q:$Q,EO12) -> 0 | GM12: =COUNTIFS(Parameters!$S:$S,$D$4,Parameters!$Q:$Q,EP12) -> 0 | GN12: =COUNTIFS(Parameters!$S:$S,$D$4,Parameters!$Q:$Q,EQ12) -> 0 | GO12: =COUNTIFS(Parameters!$S:$S,$D$4,Parameters!$Q:$Q,ER12) -> 0 | GP12: =COUNTIFS(Parameters!$S:$S,$D$4,Parameters!$Q:$Q,ES12) -> 0 | GQ12: =COUNTIFS(Parameters!$S:$S,$D$4,Parameters!$Q:$Q,ET12) -> 0 | GR12: =COUNTIFS(Parameters!$S:$S,$D$4,Parameters!$Q:$Q,EU12) -> 0 | ... GX12: =COUNTIFS(Parameters!$S:$S,$D$4,Parameters!$Q:$Q,FA12) -> 0 | HB12: =IF(DH12="","",COUNTIFS($D$25:$D$267,Parameters!$K$2,$E$25:$E$267,Parameters!$M$2,Calendrier!$C$25:$C$267,DH12)+ COUNTIFS($D$25:$D$267,Parameters!$K$3,$E$25:$E$267,Parameters!$M$2,Calendrier!$C$25:$C$267,DH12)) -> 0 | HC12: =IF(DI12="","",COUNTIFS($D$25:$D$267,Parameters!$K$2,$E$25:$E$267,Parameters!$M$2,Calendrier!$C$25:$C$267,DI12)+ COUNTIFS($D$25:$D$267,Parameters!$K$4,$E$25:$E$267,Parameters!$M$2,Calendrier!$C$25:$C$267,DI12)) -> 0 | HD12: =IF(DJ12="","",COUNTIFS($D$25:$D$267,Parameters!$K$2,$E$25:$E$267,Parameters!$M$2,Calendrier!$C$25:$C$267,DJ12)+ COUNTIFS($D$25:$D$267,Parameters!$K$3,$E$25:$E$267,Parameters!$M$2,Calendrier!$C$25:$C$267,DJ12)) -> 0 | HE12: =IF(DK12="","",COUNTIFS($D$25:$D$267,Parameters!$K$2,$E$25:$E$267,Parameters!$M$2,Calendrier!$C$25:$C$267,DK12)+ COUNTIFS($D$25:$D$267,Parameters!$K$4,$E$25:$E$267,Parameters!$M$2,Calendrier!$C$25:$C$267,DK12)) -> 0 | HF12: =IF(DL12="","",COUNTIFS($D$25:$D$267,Parameters!$K$2,$E$25:$E$267,Parameters!$M$2,Calendrier!$C$25:$C$267,DL12)+ COUNTIFS($D$25:$D$267,Parameters!$K$3,$E$25:$E$267,Parameters!$M$2,Calendrier!$C$25:$C$267,DL12)) -> 0 | HG12: =IF(DM12="","",COUNTIFS($D$25:$D$267,Parameters!$K$2,$E$25:$E$267,Parameters!$M$2,Calendrier!$C$25:$C$267,DM12)+ COUNTIFS($D$25:$D$267,Parameters!$K$4,$E$25:$E$267,Parameters!$M$2,Calendrier!$C$25:$C$267,DM12)) -> 0 | HH12: =IF(DN12="","",COUNTIFS($D$25:$D$267,Parameters!$K$2,$E$25:$E$267,Parameters!$M$2,Calendrier!$C$25:$C$267,DN12)+ COUNTIFS($D$25:$D$267,Parameters!$K$3,$E$25:$E$267,Parameters!$M$2,Calendrier!$C$25:$C$267,DN12)) -> 0 | HI12: =IF(DO12="","",COUNTIFS($D$25:$D$267,Parameters!$K$2,$E$25:$E$267,Parameters!$M$2,Calendrier!$C$25:$C$267,DO12)+ COUNTIFS($D$25:$D$267,Parameters!$K$4,$E$25:$E$267,Parameters!$M$2,Calendrier!$C$25:$C$267,DO12)) -> 0 | HJ12: =IF(DP12="","",COUNTIFS($D$25:$D$267,Parameters!$K$2,$E$25:$E$267,Parameters!$M$2,Calendrier!$C$25:$C$267,DP12)+ COUNTIFS($D$25:$D$267,Parameters!$K$3,$E$25:$E$267,Parameters!$M$2,Calendrier!$C$25:$C$267,DP12)) -> 0 | HK12: =IF(DQ12="","",COUNTIFS($D$25:$D$267,Parameters!$K$2,$E$25:$E$267,Parameters!$M$2,Calendrier!$C$25:$C$267,DQ12)+ COUNTIFS($D$25:$D$267,Parameters!$K$4,$E$25:$E$267,Parameters!$M$2,Calendrier!$C$25:$C$267,DQ12)) -> 0 | HL12: =IF(DR12="","",COUNTIFS($D$25:$D$267,Parameters!$K$2,$E$25:$E$267,Parameters!$M$2,Calendrier!$C$25:$C$267,DR12)+ COUNTIFS($D$25:$D$267,Parameters!$K$3,$E$25:$E$267,Parameters!$M$2,Calendrier!$C$25:$C$267,DR12)) -> 0 | HM12: =IF(DS12="","",COUNTIFS($D$25:$D$267,Parameters!$K$2,$E$25:$E$267,Parameters!$M$2,Calendrier!$C$25:$C$267,DS12)+ COUNTIFS($D$25:$D$267,Parameters!$K$4,$E$25:$E$267,Parameters!$M$2,Calendrier!$C$25:$C$267,DS12)) -> 0 | HN12: =IF(DT12="","",COUNTIFS($D$25:$D$267,Parameters!$K$2,$E$25:$E$267,Parameters!$M$2,Calendrier!$C$25:$C$267,DT12)+ COUNTIFS($D$25:$D$267,Parameters!$K$3,$E$25:$E$267,Parameters!$M$2,Calendrier!$C$25:$C$267,DT12)) -> 0 | HO12: =IF(DU12="","",COUNTIFS($D$25:$D$267,Parameters!$K$2,$E$25:$E$267,Parameters!$M$2,Calendrier!$C$25:$C$267,DU12)+ COUNTIFS($D$25:$D$267,Parameters!$K$4,$E$25:$E$267,Parameters!$M$2,Calendrier!$C$25:$C$267,DU12)) -> 0 | HR12: =IF(DX12="","",COUNTIFS($D$25:$D$267,Parameters!$K$2,$E$25:$E$267,Parameters!$M$2,Calendrier!$C$25:$C$267,DX12)+ COUNTIFS($D$25:$D$267,Parameters!$K$3,$E$25:$E$267,Parameters!$M$2,Calendrier!$C$25:$C$267,DX12)) -> 0 | HS12: =IF(DY12="","",COUNTIFS($D$25:$D$267,Parameters!$K$2,$E$25:$E$267,Parameters!$M$2,Calendrier!$C$25:$C$267,DY12)+ COUNTIFS($D$25:$D$267,Parameters!$K$4,$E$25:$E$267,Parameters!$M$2,Calendrier!$C$25:$C$267,DY12)) -> 0 | HT12: =IF(DZ12="","",COUNTIFS($D$25:$D$267,Parameters!$K$2,$E$25:$E$267,Parameters!$M$2,Calendrier!$C$25:$C$267,DZ12)+ COUNTIFS($D$25:$D$267,Parameters!$K$3,$E$25:$E$267,Parameters!$M$2,Calendrier!$C$25:$C$267,DZ12)) -> 0 | HU12: =IF(EA12="","",COUNTIFS($D$25:$D$267,Parameters!$K$2,$E$25:$E$267,Parameters!$M$2,Calendrier!$C$25:$C$267,EA12)+ COUNTIFS($D$25:$D$267,Parameters!$K$4,$E$25:$E$267,Parameters!$M$2,Calendrier!$C$25:$C$267,EA12)) -> 0 | HV12: =IF(EB12="","",COUNTIFS($D$25:$D$267,Parameters!$K$2,$E$25:$E$267,Parameters!$M$2,Calendrier!$C$25:$C$267,EB12)+ COUNTIFS($D$25:$D$267,Parameters!$K$3,$E$25:$E$267,Parameters!$M$2,Calendrier!$C$25:$C$267,EB12)) -> 0 | HW12: =IF(EC12="","",COUNTIFS($D$25:$D$267,Parameters!$K$2,$E$25:$E$267,Parameters!$M$2,Calendrier!$C$25:$C$267,EC12)+ COUNTIFS($D$25:$D$267,Parameters!$K$4,$E$25:$E$267,Parameters!$M$2,Calendrier!$C$25:$C$267,EC12)) -> 0 | HX12: =IF(ED12="","",COUNTIFS($D$25:$D$267,Parameters!$K$2,$E$25:$E$267,Parameters!$M$2,Calendrier!$C$25:$C$267,ED12)+ COUNTIFS($D$25:$D$267,Parameters!$K$3,$E$25:$E$267,Parameters!$M$2,Calendrier!$C$25:$C$267,ED12)) -> 0 | HY12: =IF(EE12="","",COUNTIFS($D$25:$D$267,Parameters!$K$2,$E$25:$E$267,Parameters!$M$2,Calendrier!$C$25:$C$267,EE12)+ COUNTIFS($D$25:$D$267,Parameters!$K$4,$E$25:$E$267,Parameters!$M$2,Calendrier!$C$25:$C$267,EE12)) -> 0 | HZ12: =IF(EF12="","",COUNTIFS($D$25:$D$267,Parameters!$K$2,$E$25:$E$267,Parameters!$M$2,Calendrier!$C$25:$C$267,EF12)+ COUNTIFS($D$25:$D$267,Parameters!$K$3,$E$25:$E$267,Parameters!$M$2,Calendrier!$C$25:$C$267,EF12)) -> 0 | IA12: =IF(EG12="","",COUNTIFS($D$25:$D$267,Parameters!$K$2,$E$25:$E$267,Parameters!$M$2,Calendrier!$C$25:$C$267,EG12)+ COUNTIFS($D$25:$D$267,Parameters!$K$4,$E$25:$E$267,Parameters!$M$2,Calendrier!$C$25:$C$267,EG12)) -> 0 | IB12: =IF(EH12="","",COUNTIFS($D$25:$D$267,Parameters!$K$2,$E$25:$E$267,Parameters!$M$2,Calendrier!$C$25:$C$267,EH12)+ COUNTIFS($D$25:$D$267,Parameters!$K$3,$E$25:$E$267,Parameters!$M$2,Calendrier!$C$25:$C$267,EH12)) -> 0 | IC12: =IF(EI12="","",COUNTIFS($D$25:$D$267,Parameters!$K$2,$E$25:$E$267,Parameters!$M$2,Calendrier!$C$25:$C$267,EI12)+ COUNTIFS($D$25:$D$267,Parameters!$K$4,$E$25:$E$267,Parameters!$M$2,Calendrier!$C$25:$C$267,EI12)) -> 0 | ID12: =IF(EJ12="","",COUNTIFS($D$25:$D$267,Parameters!$K$2,$E$25:$E$267,Parameters!$M$2,Calendrier!$C$25:$C$267,EJ12)+ COUNTIFS($D$25:$D$267,Parameters!$K$3,$E$25:$E$267,Parameters!$M$2,Calendrier!$C$25:$C$267,EJ12)) -> 0 | IE12: =IF(EK12="","",COUNTIFS($D$25:$D$267,Parameters!$K$2,$E$25:$E$267,Parameters!$M$2,Calendrier!$C$25:$C$267,EK12)+ COUNTIFS($D$25:$D$267,Parameters!$K$4,$E$25:$E$267,Parameters!$M$2,Calendrier!$C$25:$C$267,EK12)) -> 0 | IH12: =IF(EN12="","",COUNTIFS($D$25:$D$267,Parameters!$K$2,$E$25:$E$267,Parameters!$M$2,Calendrier!$C$25:$C$267,EN12)+ COUNTIFS($D$25:$D$267,Parameters!$K$3,$E$25:$E$267,Parameters!$M$2,Calendrier!$C$25:$C$267,EN12)) -> 0 | II12: =IF(EO12="","",COUNTIFS($D$25:$D$267,Parameters!$K$2,$E$25:$E$267,Parameters!$M$2,Calendrier!$C$25:$C$267,EO12)+ COUNTIFS($D$25:$D$267,Parameters!$K$4,$E$25:$E$267,Parameters!$M$2,Calendrier!$C$25:$C$267,EO12)) -> 0 | IJ12: =IF(EP12="","",COUNTIFS($D$25:$D$267,Parameters!$K$2,$E$25:$E$267,Parameters!$M$2,Calendrier!$C$25:$C$267,EP12)+ COUNTIFS($D$25:$D$267,Parameters!$K$3,$E$25:$E$267,Parameters!$M$2,Calendrier!$C$25:$C$267,EP12)) -> 0 | IK12: =IF(EQ12="","",COUNTIFS($D$25:$D$267,Parameters!$K$2,$E$25:$E$267,Parameters!$M$2,Calendrier!$C$25:$C$267,EQ12)+ COUNTIFS($D$25:$D$267,Parameters!$K$4,$E$25:$E$267,Parameters!$M$2,Calendrier!$C$25:$C$267,EQ12)) -> 0 | IL12: =IF(ER12="","",COUNTIFS($D$25:$D$267,Parameters!$K$2,$E$25:$E$267,Parameters!$M$2,Calendrier!$C$25:$C$267,ER12)+ COUNTIFS($D$25:$D$267,Parameters!$K$3,$E$25:$E$267,Parameters!$M$2,Calendrier!$C$25:$C$267,ER12)) -> 0 | IM12: =IF(ES12="","",COUNTIFS($D$25:$D$267,Parameters!$K$2,$E$25:$E$267,Parameters!$M$2,Calendrier!$C$25:$C$267,ES12)+ COUNTIFS($D$25:$D$267,Parameters!$K$4,$E$25:$E$267,Parameters!$M$2,Calendrier!$C$25:$C$267,ES12)) -> 0 | IN12: =IF(ET12="","",COUNTIFS($D$25:$D$267,Parameters!$K$2,$E$25:$E$267,Parameters!$M$2,Calendrier!$C$25:$C$267,ET12)+ COUNTIFS($D$25:$D$267,Parameters!$K$3,$E$25:$E$267,Parameters!$M$2,Calendrier!$C$25:$C$267,ET12)) -> 0 | IO12: =IF(EU12="","",COUNTIFS($D$25:$D$267,Parameters!$K$2,$E$25:$E$267,Parameters!$M$2,Calendrier!$C$25:$C$267,EU12)+ COUNTIFS($D$25:$D$267,Parameters!$K$4,$E$25:$E$267,Parameters!$M$2,Calendrier!$C$25:$C$267,EU12)) -> 0 | IP12: =IF(EV12="","",COUNTIFS($D$25:$D$267,Parameters!$K$2,$E$25:$E$267,Parameters!$M$2,Calendrier!$C$25:$C$267,EV12)+ COUNTIFS($D$25:$D$267,Parameters!$K$3,$E$25:$E$267,Parameters!$M$2,Calendrier!$C$25:$C$267,EV12)) -> 0 | IQ12: =IF(EW12="","",COUNTIFS($D$25:$D$267,Parameters!$K$2,$E$25:$E$267,Parameters!$M$2,Calendrier!$C$25:$C$267,EW12)+ COUNTIFS($D$25:$D$267,Parameters!$K$4,$E$25:$E$267,Parameters!$M$2,Calendrier!$C$25:$C$267,EW12)) -> 0 | IR12: =IF(EX12="","",COUNTIFS($D$25:$D$267,Parameters!$K$2,$E$25:$E$267,Parameters!$M$2,Calendrier!$C$25:$C$267,EX12)+ COUNTIFS($D$25:$D$267,Parameters!$K$3,$E$25:$E$267,Parameters!$M$2,Calendrier!$C$25:$C$267,EX12)) -> 0 | IS12: =IF(EY12="","",COUNTIFS($D$25:$D$267,Parameters!$K$2,$E$25:$E$267,Parameters!$M$2,Calendrier!$C$25:$C$267,EY12)+ COUNTIFS($D$25:$D$267,Parameters!$K$4,$E$25:$E$267,Parameters!$M$2,Calendrier!$C$25:$C$267,EY12)) -> 0 | IT12: =IF(EZ12="","",COUNTIFS($D$25:$D$267,Parameters!$K$2,$E$25:$E$267,Parameters!$M$2,Calendrier!$C$25:$C$267,EZ12)+ COUNTIFS($D$25:$D$267,Parameters!$K$3,$E$25:$E$267,Parameters!$M$2,Calendrier!$C$25:$C$267,EZ12)) -> 0 | IU12: =IF(FA12="","",COUNTIFS($D$25:$D$267,Parameters!$K$2,$E$25:$E$267,Parameters!$M$2,Calendrier!$C$25:$C$267,FA12)+ COUNTIFS($D$25:$D$267,Parameters!$K$4,$E$25:$E$267,Parameters!$M$2,Calendrier!$C$25:$C$267,FA12)) -> 0 | IY12: =IF(DH12="","",COUNTIFS($D$25:$D$267,Parameters!$K$2,$E$25:$E$267,Parameters!$M$3,Calendrier!$C$25:$C$267,DH12)+ COUNTIFS($D$25:$D$267,Parameters!$K$3,$E$25:$E$267,Parameters!$M$3,Calendrier!$C$25:$C$267,DH12)) -> 0 | IZ12: =IF(DI12="","",COUNTIFS($D$25:$D$267,Parameters!$K$2,$E$25:$E$267,Parameters!$M$3,Calendrier!$C$25:$C$267,DI12)+ COUNTIFS($D$25:$D$267,Parameters!$K$4,$E$25:$E$267,Parameters!$M$3,Calendrier!$C$25:$C$267,DI12)) -> 0 | JA12: =IF(DJ12="","",COUNTIFS($D$25:$D$267,Parameters!$K$2,$E$25:$E$267,Parameters!$M$3,Calendrier!$C$25:$C$267,DJ12)+ COUNTIFS($D$25:$D$267,Parameters!$K$3,$E$25:$E$267,Parameters!$M$3,Calendrier!$C$25:$C$267,DJ12)) -> 0 | JB12: =IF(DK12="","",COUNTIFS($D$25:$D$267,Parameters!$K$2,$E$25:$E$267,Parameters!$M$3,Calendrier!$C$25:$C$267,DK12)+ COUNTIFS($D$25:$D$267,Parameters!$K$4,$E$25:$E$267,Parameters!$M$3,Calendrier!$C$25:$C$267,DK12)) -> 0 | JC12: =IF(DL12="","",COUNTIFS($D$25:$D$267,Parameters!$K$2,$E$25:$E$267,Parameters!$M$3,Calendrier!$C$25:$C$267,DL12)+ COUNTIFS($D$25:$D$267,Parameters!$K$3,$E$25:$E$267,Parameters!$M$3,Calendrier!$C$25:$C$267,DL12)) -> 0 | JD12: =IF(DM12="","",COUNTIFS($D$25:$D$267,Parameters!$K$2,$E$25:$E$267,Parameters!$M$3,Calendrier!$C$25:$C$267,DM12)+ COUNTIFS($D$25:$D$267,Parameters!$K$4,$E$25:$E$267,Parameters!$M$3,Calendrier!$C$25:$C$267,DM12)) -> 0 | JE12: =IF(DN12="","",COUNTIFS($D$25:$D$267,Parameters!$K$2,$E$25:$E$267,Parameters!$M$3,Calendrier!$C$25:$C$267,DN12)+ COUNTIFS($D$25:$D$267,Parameters!$K$3,$E$25:$E$267,Parameters!$M$3,Calendrier!$C$25:$C$267,DN12)) -> 0 | JF12: =IF(DO12="","",COUNTIFS($D$25:$D$267,Parameters!$K$2,$E$25:$E$267,Parameters!$M$3,Calendrier!$C$25:$C$267,DO12)+ COUNTIFS($D$25:$D$267,Parameters!$K$4,$E$25:$E$267,Parameters!$M$3,Calendrier!$C$25:$C$267,DO12)) -> 0 | JG12: =IF(DP12="","",COUNTIFS($D$25:$D$267,Parameters!$K$2,$E$25:$E$267,Parameters!$M$3,Calendrier!$C$25:$C$267,DP12)+ COUNTIFS($D$25:$D$267,Parameters!$K$3,$E$25:$E$267,Parameters!$M$3,Calendrier!$C$25:$C$267,DP12)) -> 0 | JH12: =IF(DQ12="","",COUNTIFS($D$25:$D$267,Parameters!$K$2,$E$25:$E$267,Parameters!$M$3,Calendrier!$C$25:$C$267,DQ12)+ COUNTIFS($D$25:$D$267,Parameters!$K$4,$E$25:$E$267,Parameters!$M$3,Calendrier!$C$25:$C$267,DQ12)) -> 0 | JI12: =IF(DR12="","",COUNTIFS($D$25:$D$267,Parameters!$K$2,$E$25:$E$267,Parameters!$M$3,Calendrier!$C$25:$C$267,DR12)+ COUNTIFS($D$25:$D$267,Parameters!$K$3,$E$25:$E$267,Parameters!$M$3,Calendrier!$C$25:$C$267,DR12)) -> 0 | JJ12: =IF(DS12="","",COUNTIFS($D$25:$D$267,Parameters!$K$2,$E$25:$E$267,Parameters!$M$3,Calendrier!$C$25:$C$267,DS12)+ COUNTIFS($D$25:$D$267,Parameters!$K$4,$E$25:$E$267,Parameters!$M$3,Calendrier!$C$25:$C$267,DS12)) -> 0 | JK12: =IF(DT12="","",COUNTIFS($D$25:$D$267,Parameters!$K$2,$E$25:$E$267,Parameters!$M$3,Calendrier!$C$25:$C$267,DT12)+ COUNTIFS($D$25:$D$267,Parameters!$K$3,$E$25:$E$267,Parameters!$M$3,Calendrier!$C$25:$C$267,DT12)) -> 0 | JL12: =IF(DU12="","",COUNTIFS($D$25:$D$267,Parameters!$K$2,$E$25:$E$267,Parameters!$M$3,Calendrier!$C$25:$C$267,DU12)+ COUNTIFS($D$25:$D$267,Parameters!$K$4,$E$25:$E$267,Parameters!$M$3,Calendrier!$C$25:$C$267,DU12)) -> 0 | JO12: =IF(DX12="","",COUNTIFS($D$25:$D$267,Parameters!$K$2,$E$25:$E$267,Parameters!$M$3,Calendrier!$C$25:$C$267,DX12)+ COUNTIFS($D$25:$D$267,Parameters!$K$3,$E$25:$E$267,Parameters!$M$3,Calendrier!$C$25:$C$267,DX12)) -> 0 | JP12: =IF(DY12="","",COUNTIFS($D$25:$D$267,Parameters!$K$2,$E$25:$E$267,Parameters!$M$3,Calendrier!$C$25:$C$267,DY12)+ COUNTIFS($D$25:$D$267,Parameters!$K$4,$E$25:$E$267,Parameters!$M$3,Calendrier!$C$25:$C$267,DY12)) -> 0 | JQ12: =IF(DZ12="","",COUNTIFS($D$25:$D$267,Parameters!$K$2,$E$25:$E$267,Parameters!$M$3,Calendrier!$C$25:$C$267,DZ12)+ COUNTIFS($D$25:$D$267,Parameters!$K$3,$E$25:$E$267,Parameters!$M$3,Calendrier!$C$25:$C$267,DZ12)) -> 0 | JR12: =IF(EA12="","",COUNTIFS($D$25:$D$267,Parameters!$K$2,$E$25:$E$267,Parameters!$M$3,Calendrier!$C$25:$C$267,EA12)+ COUNTIFS($D$25:$D$267,Parameters!$K$4,$E$25:$E$267,Parameters!$M$3,Calendrier!$C$25:$C$267,EA12)) -> 0 | JS12: =IF(EB12="","",COUNTIFS($D$25:$D$267,Parameters!$K$2,$E$25:$E$267,Parameters!$M$3,Calendrier!$C$25:$C$267,EB12)+ COUNTIFS($D$25:$D$267,Parameters!$K$3,$E$25:$E$267,Parameters!$M$3,Calendrier!$C$25:$C$267,EB12)) -> 0 | JT12: =IF(EC12="","",COUNTIFS($D$25:$D$267,Parameters!$K$2,$E$25:$E$267,Parameters!$M$3,Calendrier!$C$25:$C$267,EC12)+ COUNTIFS($D$25:$D$267,Parameters!$K$4,$E$25:$E$267,Parameters!$M$3,Calendrier!$C$25:$C$267,EC12)) -> 0 | JU12: =IF(ED12="","",COUNTIFS($D$25:$D$267,Parameters!$K$2,$E$25:$E$267,Parameters!$M$3,Calendrier!$C$25:$C$267,ED12)+ COUNTIFS($D$25:$D$267,Parameters!$K$3,$E$25:$E$267,Parameters!$M$3,Calendrier!$C$25:$C$267,ED12)) -> 0 | JV12: =IF(EE12="","",COUNTIFS($D$25:$D$267,Parameters!$K$2,$E$25:$E$267,Parameters!$M$3,Calendrier!$C$25:$C$267,EE12)+ COUNTIFS($D$25:$D$267,Parameters!$K$4,$E$25:$E$267,Parameters!$M$3,Calendrier!$C$25:$C$267,EE12)) -> 0 | JW12: =IF(EF12="","",COUNTIFS($D$25:$D$267,Parameters!$K$2,$E$25:$E$267,Parameters!$M$3,Calendrier!$C$25:$C$267,EF12)+ COUNTIFS($D$25:$D$267,Parameters!$K$3,$E$25:$E$267,Parameters!$M$3,Calendrier!$C$25:$C$267,EF12)) -> 0 | JX12: =IF(EG12="","",COUNTIFS($D$25:$D$267,Parameters!$K$2,$E$25:$E$267,Parameters!$M$3,Calendrier!$C$25:$C$267,EG12)+ COUNTIFS($D$25:$D$267,Parameters!$K$4,$E$25:$E$267,Parameters!$M$3,Calendrier!$C$25:$C$267,EG12)) -> 0 | JY12: =IF(EH12="","",COUNTIFS($D$25:$D$267,Parameters!$K$2,$E$25:$E$267,Parameters!$M$3,Calendrier!$C$25:$C$267,EH12)+ COUNTIFS($D$25:$D$267,Parameters!$K$3,$E$25:$E$267,Parameters!$M$3,Calendrier!$C$25:$C$267,EH12)) -> 0 | JZ12: =IF(EI12="","",COUNTIFS($D$25:$D$267,Parameters!$K$2,$E$25:$E$267,Parameters!$M$3,Calendrier!$C$25:$C$267,EI12)+ COUNTIFS($D$25:$D$267,Parameters!$K$4,$E$25:$E$267,Parameters!$M$3,Calendrier!$C$25:$C$267,EI12)) -> 0 | KA12: =IF(EJ12="","",COUNTIFS($D$25:$D$267,Parameters!$K$2,$E$25:$E$267,Parameters!$M$3,Calendrier!$C$25:$C$267,EJ12)+ COUNTIFS($D$25:$D$267,Parameters!$K$3,$E$25:$E$267,Parameters!$M$3,Calendrier!$C$25:$C$267,EJ12)) -> 0 | KB12: =IF(EK12="","",COUNTIFS($D$25:$D$267,Parameters!$K$2,$E$25:$E$267,Parameters!$M$3,Calendrier!$C$25:$C$267,EK12)+ COUNTIFS($D$25:$D$267,Parameters!$K$4,$E$25:$E$267,Parameters!$M$3,Calendrier!$C$25:$C$267,EK12)) -> 0 | KE12: =IF(EN12="","",COUNTIFS($D$25:$D$267,Parameters!$K$2,$E$25:$E$267,Parameters!$M$3,Calendrier!$C$25:$C$267,EN12)+ COUNTIFS($D$25:$D$267,Parameters!$K$3,$E$25:$E$267,Parameters!$M$3,Calendrier!$C$25:$C$267,EN12)) -> 0 | KF12: =IF(EO12="","",COUNTIFS($D$25:$D$267,Parameters!$K$2,$E$25:$E$267,Parameters!$M$3,Calendrier!$C$25:$C$267,EO12)+ COUNTIFS($D$25:$D$267,Parameters!$K$4,$E$25:$E$267,Parameters!$M$3,Calendrier!$C$25:$C$267,EO12)) -> 0 | KG12: =IF(EP12="","",COUNTIFS($D$25:$D$267,Parameters!$K$2,$E$25:$E$267,Parameters!$M$3,Calendrier!$C$25:$C$267,EP12)+ COUNTIFS($D$25:$D$267,Parameters!$K$3,$E$25:$E$267,Parameters!$M$3,Calendrier!$C$25:$C$267,EP12)) -> 0 | KH12: =IF(EQ12="","",COUNTIFS($D$25:$D$267,Parameters!$K$2,$E$25:$E$267,Parameters!$M$3,Calendrier!$C$25:$C$267,EQ12)+ COUNTIFS($D$25:$D$267,Parameters!$K$4,$E$25:$E$267,Parameters!$M$3,Calendrier!$C$25:$C$267,EQ12)) -> 0 | KI12: =IF(ER12="","",COUNTIFS($D$25:$D$267,Parameters!$K$2,$E$25:$E$267,Parameters!$M$3,Calendrier!$C$25:$C$267,ER12)+ COUNTIFS($D$25:$D$267,Parameters!$K$3,$E$25:$E$267,Parameters!$M$3,Calendrier!$C$25:$C$267,ER12)) -> 0 | KJ12: =IF(ES12="","",COUNTIFS($D$25:$D$267,Parameters!$K$2,$E$25:$E$267,Parameters!$M$3,Calendrier!$C$25:$C$267,ES12)+ COUNTIFS($D$25:$D$267,Parameters!$K$4,$E$25:$E$267,Parameters!$M$3,Calendrier!$C$25:$C$267,ES12)) -> 0 | KK12: =IF(ET12="","",COUNTIFS($D$25:$D$267,Parameters!$K$2,$E$25:$E$267,Parameters!$M$3,Calendrier!$C$25:$C$267,ET12)+ COUNTIFS($D$25:$D$267,Parameters!$K$3,$E$25:$E$267,Parameters!$M$3,Calendrier!$C$25:$C$267,ET12)) -> 0 | KL12: =IF(EU12="","",COUNTIFS($D$25:$D$267,Parameters!$K$2,$E$25:$E$267,Parameters!$M$3,Calendrier!$C$25:$C$267,EU12)+ COUNTIFS($D$25:$D$267,Parameters!$K$4,$E$25:$E$267,Parameters!$M$3,Calendrier!$C$25:$C$267,EU12)) -> 0 | KM12: =IF(EV12="","",COUNTIFS($D$25:$D$267,Parameters!$K$2,$E$25:$E$267,Parameters!$M$3,Calendrier!$C$25:$C$267,EV12)+ COUNTIFS($D$25:$D$267,Parameters!$K$3,$E$25:$E$267,Parameters!$M$3,Calendrier!$C$25:$C$267,EV12)) -> 0 | KN12: =IF(EW12="","",COUNTIFS($D$25:$D$267,Parameters!$K$2,$E$25:$E$267,Parameters!$M$3,Calendrier!$C$25:$C$267,EW12)+ COUNTIFS($D$25:$D$267,Parameters!$K$4,$E$25:$E$267,Parameters!$M$3,Calendrier!$C$25:$C$267,EW12)) -> 0 | KO12: =IF(EX12="","",COUNTIFS($D$25:$D$267,Parameters!$K$2,$E$25:$E$267,Parameters!$M$3,Calendrier!$C$25:$C$267,EX12)+ COUNTIFS($D$25:$D$267,Parameters!$K$3,$E$25:$E$267,Parameters!$M$3,Calendrier!$C$25:$C$267,EX12)) -> 0 | KP12: =IF(EY12="","",COUNTIFS($D$25:$D$267,Parameters!$K$2,$E$25:$E$267,Parameters!$M$3,Calendrier!$C$25:$C$267,EY12)+ COUNTIFS($D$25:$D$267,Parameters!$K$4,$E$25:$E$267,Parameters!$M$3,Calendrier!$C$25:$C$267,EY12)) -> 0 | KQ12: =IF(EZ12="","",COUNTIFS($D$25:$D$267,Parameters!$K$2,$E$25:$E$267,Parameters!$M$3,Calendrier!$C$25:$C$267,EZ12)+ COUNTIFS($D$25:$D$267,Parameters!$K$3,$E$25:$E$267,Parameters!$M$3,Calendrier!$C$25:$C$267,EZ12)) -> 0 | KR12: =IF(FA12="","",COUNTIFS($D$25:$D$267,Parameters!$K$2,$E$25:$E$267,Parameters!$M$3,Calendrier!$C$25:$C$267,FA12)+ COUNTIFS($D$25:$D$267,Parameters!$K$4,$E$25:$E$267,Parameters!$M$3,Calendrier!$C$25:$C$267,FA12)) -> 0 | KV12: =IF(DH12="","",COUNTIFS($D$25:$D$267,Parameters!$K$2,$E$25:$E$267,Parameters!$M$4,Calendrier!$C$25:$C$267,DH12)+ COUNTIFS($D$25:$D$267,Parameters!$K$3,$E$25:$E$267,Parameters!$M$4,Calendrier!$C$25:$C$267,DH12)) -> 0 | KW12: =IF(DI12="","",COUNTIFS($D$25:$D$267,Parameters!$K$2,$E$25:$E$267,Parameters!$M$4,Calendrier!$C$25:$C$267,DI12)+ COUNTIFS($D$25:$D$267,Parameters!$K$4,$E$25:$E$267,Parameters!$M$4,Calendrier!$C$25:$C$267,DI12)) -> 0 | KX12: =IF(DJ12="","",COUNTIFS($D$25:$D$267,Parameters!$K$2,$E$25:$E$267,Parameters!$M$4,Calendrier!$C$25:$C$267,DJ12)+ COUNTIFS($D$25:$D$267,Parameters!$K$3,$E$25:$E$267,Parameters!$M$4,Calendrier!$C$25:$C$267,DJ12)) -> 0 | KY12: =IF(DK12="","",COUNTIFS($D$25:$D$267,Parameters!$K$2,$E$25:$E$267,Parameters!$M$4,Calendrier!$C$25:$C$267,DK12)+ COUNTIFS($D$25:$D$267,Parameters!$K$4,$E$25:$E$267,Parameters!$M$4,Calendrier!$C$25:$C$267,DK12)) -> 0 | KZ12: =IF(DL12="","",COUNTIFS($D$25:$D$267,Parameters!$K$2,$E$25:$E$267,Parameters!$M$4,Calendrier!$C$25:$C$267,DL12)+ COUNTIFS($D$25:$D$267,Parameters!$K$3,$E$25:$E$267,Parameters!$M$4,Calendrier!$C$25:$C$267,DL12)) -> 0 | LA12: =IF(DM12="","",COUNTIFS($D$25:$D$267,Parameters!$K$2,$E$25:$E$267,Parameters!$M$4,Calendrier!$C$25:$C$267,DM12)+ COUNTIFS($D$25:$D$267,Parameters!$K$4,$E$25:$E$267,Parameters!$M$4,Calendrier!$C$25:$C$267,DM12)) -> 0 | LB12: =IF(DN12="","",COUNTIFS($D$25:$D$267,Parameters!$K$2,$E$25:$E$267,Parameters!$M$4,Calendrier!$C$25:$C$267,DN12)+ COUNTIFS($D$25:$D$267,Parameters!$K$3,$E$25:$E$267,Parameters!$M$4,Calendrier!$C$25:$C$267,DN12)) -> 0 | LC12: =IF(DO12="","",COUNTIFS($D$25:$D$267,Parameters!$K$2,$E$25:$E$267,Parameters!$M$4,Calendrier!$C$25:$C$267,DO12)+ COUNTIFS($D$25:$D$267,Parameters!$K$4,$E$25:$E$267,Parameters!$M$4,Calendrier!$C$25:$C$267,DO12)) -> 0 | LD12: =IF(DP12="","",COUNTIFS($D$25:$D$267,Parameters!$K$2,$E$25:$E$267,Parameters!$M$4,Calendrier!$C$25:$C$267,DP12)+ COUNTIFS($D$25:$D$267,Parameters!$K$3,$E$25:$E$267,Parameters!$M$4,Calendrier!$C$25:$C$267,DP12)) -> 0 | LE12: =IF(DQ12="","",COUNTIFS($D$25:$D$267,Parameters!$K$2,$E$25:$E$267,Parameters!$M$4,Calendrier!$C$25:$C$267,DQ12)+ COUNTIFS($D$25:$D$267,Parameters!$K$4,$E$25:$E$267,Parameters!$M$4,Calendrier!$C$25:$C$267,DQ12)) -> 0 | LF12: =IF(DR12="","",COUNTIFS($D$25:$D$267,Parameters!$K$2,$E$25:$E$267,Parameters!$M$4,Calendrier!$C$25:$C$267,DR12)+ COUNTIFS($D$25:$D$267,Parameters!$K$3,$E$25:$E$267,Parameters!$M$4,Calendrier!$C$25:$C$267,DR12)) -> 0 | LG12: =IF(DS12="","",COUNTIFS($D$25:$D$267,Parameters!$K$2,$E$25:$E$267,Parameters!$M$4,Calendrier!$C$25:$C$267,DS12)+ COUNTIFS($D$25:$D$267,Parameters!$K$4,$E$25:$E$267,Parameters!$M$4,Calendrier!$C$25:$C$267,DS12)) -> 0 | LH12: =IF(DT12="","",COUNTIFS($D$25:$D$267,Parameters!$K$2,$E$25:$E$267,Parameters!$M$4,Calendrier!$C$25:$C$267,DT12)+ COUNTIFS($D$25:$D$267,Parameters!$K$3,$E$25:$E$267,Parameters!$M$4,Calendrier!$C$25:$C$267,DT12)) -> 0 | LI12: =IF(DU12="","",COUNTIFS($D$25:$D$267,Parameters!$K$2,$E$25:$E$267,Parameters!$M$4,Calendrier!$C$25:$C$267,DU12)+ COUNTIFS($D$25:$D$267,Parameters!$K$4,$E$25:$E$267,Parameters!$M$4,Calendrier!$C$25:$C$267,DU12)) -> 0 | LL12: =IF(DX12="","",COUNTIFS($D$25:$D$267,Parameters!$K$2,$E$25:$E$267,Parameters!$M$4,Calendrier!$C$25:$C$267,DX12)+ COUNTIFS($D$25:$D$267,Parameters!$K$3,$E$25:$E$267,Parameters!$M$4,Calendrier!$C$25:$C$267,DX12)) -> 0 | LM12: =IF(DY12="","",COUNTIFS($D$25:$D$267,Parameters!$K$2,$E$25:$E$267,Parameters!$M$4,Calendrier!$C$25:$C$267,DY12)+ COUNTIFS($D$25:$D$267,Parameters!$K$4,$E$25:$E$267,Parameters!$M$4,Calendrier!$C$25:$C$267,DY12)) -> 0 | LN12: =IF(DZ12="","",COUNTIFS($D$25:$D$267,Parameters!$K$2,$E$25:$E$267,Parameters!$M$4,Calendrier!$C$25:$C$267,DZ12)+ COUNTIFS($D$25:$D$267,Parameters!$K$3,$E$25:$E$267,Parameters!$M$4,Calendrier!$C$25:$C$267,DZ12)) -> 0 | LO12: =IF(EA12="","",COUNTIFS($D$25:$D$267,Parameters!$K$2,$E$25:$E$267,Parameters!$M$4,Calendrier!$C$25:$C$267,EA12)+ COUNTIFS($D$25:$D$267,Parameters!$K$4,$E$25:$E$267,Parameters!$M$4,Calendrier!$C$25:$C$267,EA12)) -> 0 | LP12: =IF(EB12="","",COUNTIFS($D$25:$D$267,Parameters!$K$2,$E$25:$E$267,Parameters!$M$4,Calendrier!$C$25:$C$267,EB12)+ COUNTIFS($D$25:$D$267,Parameters!$K$3,$E$25:$E$267,Parameters!$M$4,Calendrier!$C$25:$C$267,EB12)) -> 0 | LQ12: =IF(EC12="","",COUNTIFS($D$25:$D$267,Parameters!$K$2,$E$25:$E$267,Parameters!$M$4,Calendrier!$C$25:$C$267,EC12)+ COUNTIFS($D$25:$D$267,Parameters!$K$4,$E$25:$E$267,Parameters!$M$4,Calendrier!$C$25:$C$267,EC12)) -> 0 | LR12: =IF(ED12="","",COUNTIFS($D$25:$D$267,Parameters!$K$2,$E$25:$E$267,Parameters!$M$4,Calendrier!$C$25:$C$267,ED12)+ COUNTIFS($D$25:$D$267,Parameters!$K$3,$E$25:$E$267,Parameters!$M$4,Calendrier!$C$25:$C$267,ED12)) -> 0 | LS12: =IF(EE12="","",COUNTIFS($D$25:$D$267,Parameters!$K$2,$E$25:$E$267,Parameters!$M$4,Calendrier!$C$25:$C$267,EE12)+ COUNTIFS($D$25:$D$267,Parameters!$K$4,$E$25:$E$267,Parameters!$M$4,Calendrier!$C$25:$C$267,EE12)) -> 0 | LT12: =IF(EF12="","",COUNTIFS($D$25:$D$267,Parameters!$K$2,$E$25:$E$267,Parameters!$M$4,Calendrier!$C$25:$C$267,EF12)+ COUNTIFS($D$25:$D$267,Parameters!$K$3,$E$25:$E$267,Parameters!$M$4,Calendrier!$C$25:$C$267,EF12)) -> 0 | LU12: =IF(EG12="","",COUNTIFS($D$25:$D$267,Parameters!$K$2,$E$25:$E$267,Parameters!$M$4,Calendrier!$C$25:$C$267,EG12)+ COUNTIFS($D$25:$D$267,Parameters!$K$4,$E$25:$E$267,Parameters!$M$4,Calendrier!$C$25:$C$267,EG12)) -> 0 | LV12: =IF(EH12="","",COUNTIFS($D$25:$D$267,Parameters!$K$2,$E$25:$E$267,Parameters!$M$4,Calendrier!$C$25:$C$267,EH12)+ COUNTIFS($D$25:$D$267,Parameters!$K$3,$E$25:$E$267,Parameters!$M$4,Calendrier!$C$25:$C$267,EH12)) -> 0 | LW12: =IF(EI12="","",COUNTIFS($D$25:$D$267,Parameters!$K$2,$E$25:$E$267,Parameters!$M$4,Calendrier!$C$25:$C$267,EI12)+ COUNTIFS($D$25:$D$267,Parameters!$K$4,$E$25:$E$267,Parameters!$M$4,Calendrier!$C$25:$C$267,EI12)) -> 0 | LX12: =IF(EJ12="","",COUNTIFS($D$25:$D$267,Parameters!$K$2,$E$25:$E$267,Parameters!$M$4,Calendrier!$C$25:$C$267,EJ12)+ COUNTIFS($D$25:$D$267,Parameters!$K$3,$E$25:$E$267,Parameters!$M$4,Calendrier!$C$25:$C$267,EJ12)) -> 0 | LY12: =IF(EK12="","",COUNTIFS($D$25:$D$267,Parameters!$K$2,$E$25:$E$267,Parameters!$M$4,Calendrier!$C$25:$C$267,EK12)+ COUNTIFS($D$25:$D$267,Parameters!$K$4,$E$25:$E$267,Parameters!$M$4,Calendrier!$C$25:$C$267,EK12)) -> 0 | MB12: =IF(EN12="","",COUNTIFS($D$25:$D$267,Parameters!$K$2,$E$25:$E$267,Parameters!$M$4,Calendrier!$C$25:$C$267,EN12)+ COUNTIFS($D$25:$D$267,Parameters!$K$3,$E$25:$E$267,Parameters!$M$4,Calendrier!$C$25:$C$267,EN12)) -> 0 | MC12: =IF(EO12="","",COUNTIFS($D$25:$D$267,Parameters!$K$2,$E$25:$E$267,Parameters!$M$4,Calendrier!$C$25:$C$267,EO12)+ COUNTIFS($D$25:$D$267,Parameters!$K$4,$E$25:$E$267,Parameters!$M$4,Calendrier!$C$25:$C$267,EO12)) -> 0 | MD12: =IF(EP12="","",COUNTIFS($D$25:$D$267,Parameters!$K$2,$E$25:$E$267,Parameters!$M$4,Calendrier!$C$25:$C$267,EP12)+ COUNTIFS($D$25:$D$267,Parameters!$K$3,$E$25:$E$267,Parameters!$M$4,Calendrier!$C$25:$C$267,EP12)) -> 0 | ME12: =IF(EQ12="","",COUNTIFS($D$25:$D$267,Parameters!$K$2,$E$25:$E$267,Parameters!$M$4,Calendrier!$C$25:$C$267,EQ12)+ COUNTIFS($D$25:$D$267,Parameters!$K$4,$E$25:$E$267,Parameters!$M$4,Calendrier!$C$25:$C$267,EQ12)) -> 0 | MF12: =IF(ER12="","",COUNTIFS($D$25:$D$267,Parameters!$K$2,$E$25:$E$267,Parameters!$M$4,Calendrier!$C$25:$C$267,ER12)+ COUNTIFS($D$25:$D$267,Parameters!$K$3,$E$25:$E$267,Parameters!$M$4,Calendrier!$C$25:$C$267,ER12)) -> 0 | MG12: =IF(ES12="","",COUNTIFS($D$25:$D$267,Parameters!$K$2,$E$25:$E$267,Parameters!$M$4,Calendrier!$C$25:$C$267,ES12)+ COUNTIFS($D$25:$D$267,Parameters!$K$4,$E$25:$E$267,Parameters!$M$4,Calendrier!$C$25:$C$267,ES12)) -> 0 | MH12: =IF(ET12="","",COUNTIFS($D$25:$D$267,Parameters!$K$2,$E$25:$E$267,Parameters!$M$4,Calendrier!$C$25:$C$267,ET12)+ COUNTIFS($D$25:$D$267,Parameters!$K$3,$E$25:$E$267,Parameters!$M$4,Calendrier!$C$25:$C$267,ET12)) -> 0 | MI12: =IF(EU12="","",COUNTIFS($D$25:$D$267,Parameters!$K$2,$E$25:$E$267,Parameters!$M$4,Calendrier!$C$25:$C$267,EU12)+ COUNTIFS($D$25:$D$267,Parameters!$K$4,$E$25:$E$267,Parameters!$M$4,Calendrier!$C$25:$C$267,EU12)) -> 0 | MJ12: =IF(EV12="","",COUNTIFS($D$25:$D$267,Parameters!$K$2,$E$25:$E$267,Parameters!$M$4,Calendrier!$C$25:$C$267,EV12)+ COUNTIFS($D$25:$D$267,Parameters!$K$3,$E$25:$E$267,Parameters!$M$4,Calendrier!$C$25:$C$267,EV12)) -> 0 | MK12: =IF(EW12="","",COUNTIFS($D$25:$D$267,Parameters!$K$2,$E$25:$E$267,Parameters!$M$4,Calendrier!$C$25:$C$267,EW12)+ COUNTIFS($D$25:$D$267,Parameters!$K$4,$E$25:$E$267,Parameters!$M$4,Calendrier!$C$25:$C$267,EW12)) -> 0 | ML12: =IF(EX12="","",COUNTIFS($D$25:$D$267,Parameters!$K$2,$E$25:$E$267,Parameters!$M$4,Calendrier!$C$25:$C$267,EX12)+ COUNTIFS($D$25:$D$267,Parameters!$K$3,$E$25:$E$267,Parameters!$M$4,Calendrier!$C$25:$C$267,EX12)) -> 0 | MM12: =IF(EY12="","",COUNTIFS($D$25:$D$267,Parameters!$K$2,$E$25:$E$267,Parameters!$M$4,Calendrier!$C$25:$C$267,EY12)+ COUNTIFS($D$25:$D$267,Parameters!$K$4,$E$25:$E$267,Parameters!$M$4,Calendrier!$C$25:$C$267,EY12)) -> 0 | MN12: =IF(EZ12="","",COUNTIFS($D$25:$D$267,Parameters!$K$2,$E$25:$E$267,Parameters!$M$4,Calendrier!$C$25:$C$267,EZ12)+ COUNTIFS($D$25:$D$267,Parameters!$K$3,$E$25:$E$267,Parameters!$M$4,Calendrier!$C$25:$C$267,EZ12)) -> 0 | MO12: =IF(FA12="","",COUNTIFS($D$25:$D$267,Parameters!$K$2,$E$25:$E$267,Parameters!$M$4,Calendrier!$C$25:$C$267,FA12)+ COUNTIFS($D$25:$D$267,Parameters!$K$4,$E$25:$E$267,Parameters!$M$4,Calendrier!$C$25:$C$267,FA12)) -> 0 | MS12: =IF(DH12="","",COUNTIFS($D$25:$D$267,Parameters!$K$2,$E$25:$E$267,Parameters!$M$5,Calendrier!$C$25:$C$267,DH12)+ COUNTIFS($D$25:$D$267,Parameters!$K$3,$E$25:$E$267,Parameters!$M$5,Calendrier!$C$25:$C$267,DH12)) -> 0 | MT12: =IF(DI12="","",COUNTIFS($D$25:$D$267,Parameters!$K$2,$E$25:$E$267,Parameters!$M$5,Calendrier!$C$25:$C$267,DI12)+ COUNTIFS($D$25:$D$267,Parameters!$K$4,$E$25:$E$267,Parameters!$M$5,Calendrier!$C$25:$C$267,DI12)) -> 0 | MU12: =IF(DJ12="","",COUNTIFS($D$25:$D$267,Parameters!$K$2,$E$25:$E$267,Parameters!$M$5,Calendrier!$C$25:$C$267,DJ12)+ COUNTIFS($D$25:$D$267,Parameters!$K$3,$E$25:$E$267,Parameters!$M$5,Calendrier!$C$25:$C$267,DJ12)) -> 0 | MV12: =IF(DK12="","",COUNTIFS($D$25:$D$267,Parameters!$K$2,$E$25:$E$267,Parameters!$M$5,Calendrier!$C$25:$C$267,DK12)+ COUNTIFS($D$25:$D$267,Parameters!$K$4,$E$25:$E$267,Parameters!$M$5,Calendrier!$C$25:$C$267,DK12)) -> 0 | MW12: =IF(DL12="","",COUNTIFS($D$25:$D$267,Parameters!$K$2,$E$25:$E$267,Parameters!$M$5,Calendrier!$C$25:$C$267,DL12)+ COUNTIFS($D$25:$D$267,Parameters!$K$3,$E$25:$E$267,Parameters!$M$5,Calendrier!$C$25:$C$267,DL12)) -> 0 | MX12: =IF(DM12="","",COUNTIFS($D$25:$D$267,Parameters!$K$2,$E$25:$E$267,Parameters!$M$5,Calendrier!$C$25:$C$267,DM12)+ COUNTIFS($D$25:$D$267,Parameters!$K$4,$E$25:$E$267,Parameters!$M$5,Calendrier!$C$25:$C$267,DM12)) -> 0 | MY12: =IF(DN12="","",COUNTIFS($D$25:$D$267,Parameters!$K$2,$E$25:$E$267,Parameters!$M$5,Calendrier!$C$25:$C$267,DN12)+ COUNTIFS($D$25:$D$267,Parameters!$K$3,$E$25:$E$267,Parameters!$M$5,Calendrier!$C$25:$C$267,DN12)) -> 0 | MZ12: =IF(DO12="","",COUNTIFS($D$25:$D$267,Parameters!$K$2,$E$25:$E$267,Parameters!$M$5,Calendrier!$C$25:$C$267,DO12)+ COUNTIFS($D$25:$D$267,Parameters!$K$4,$E$25:$E$267,Parameters!$M$5,Calendrier!$C$25:$C$267,DO12)) -> 0 | NA12: =IF(DP12="","",COUNTIFS($D$25:$D$267,Parameters!$K$2,$E$25:$E$267,Parameters!$M$5,Calendrier!$C$25:$C$267,DP12)+ COUNTIFS($D$25:$D$267,Parameters!$K$3,$E$25:$E$267,Parameters!$M$5,Calendrier!$C$25:$C$267,DP12)) -> 0 | NB12: =IF(DQ12="","",COUNTIFS($D$25:$D$267,Parameters!$K$2,$E$25:$E$267,Parameters!$M$5,Calendrier!$C$25:$C$267,DQ12)+ COUNTIFS($D$25:$D$267,Parameters!$K$4,$E$25:$E$267,Parameters!$M$5,Calendrier!$C$25:$C$267,DQ12)) -> 0 | NC12: =IF(DR12="","",COUNTIFS($D$25:$D$267,Parameters!$K$2,$E$25:$E$267,Parameters!$M$5,Calendrier!$C$25:$C$267,DR12)+ COUNTIFS($D$25:$D$267,Parameters!$K$3,$E$25:$E$267,Parameters!$M$5,Calendrier!$C$25:$C$267,DR12)) -> 0 | ND12: =IF(DS12="","",COUNTIFS($D$25:$D$267,Parameters!$K$2,$E$25:$E$267,Parameters!$M$5,Calendrier!$C$25:$C$267,DS12)+ COUNTIFS($D$25:$D$267,Parameters!$K$4,$E$25:$E$267,Parameters!$M$5,Calendrier!$C$25:$C$267,DS12)) -> 0 | NE12: =IF(DT12="","",COUNTIFS($D$25:$D$267,Parameters!$K$2,$E$25:$E$267,Parameters!$M$5,Calendrier!$C$25:$C$267,DT12)+ COUNTIFS($D$25:$D$267,Parameters!$K$3,$E$25:$E$267,Parameters!$M$5,Calendrier!$C$25:$C$267,DT12)) -> 0 | NF12: =IF(DU12="","",COUNTIFS($D$25:$D$267,Parameters!$K$2,$E$25:$E$267,Parameters!$M$5,Calendrier!$C$25:$C$267,DU12)+ COUNTIFS($D$25:$D$267,Parameters!$K$4,$E$25:$E$267,Parameters!$M$5,Calendrier!$C$25:$C$267,DU12)) -> 0 | NI12: =IF(DX12="","",COUNTIFS($D$25:$D$267,Parameters!$K$2,$E$25:$E$267,Parameters!$M$5,Calendrier!$C$25:$C$267,DX12)+ COUNTIFS($D$25:$D$267,Parameters!$K$3,$E$25:$E$267,Parameters!$M$5,Calendrier!$C$25:$C$267,DX12)) -> 0 | NJ12: =IF(DY12="","",COUNTIFS($D$25:$D$267,Parameters!$K$2,$E$25:$E$267,Parameters!$M$5,Calendrier!$C$25:$C$267,DY12)+ COUNTIFS($D$25:$D$267,Parameters!$K$4,$E$25:$E$267,Parameters!$M$5,Calendrier!$C$25:$C$267,DY12)) -> 0 | NK12: =IF(DZ12="","",COUNTIFS($D$25:$D$267,Parameters!$K$2,$E$25:$E$267,Parameters!$M$5,Calendrier!$C$25:$C$267,DZ12)+ COUNTIFS($D$25:$D$267,Parameters!$K$3,$E$25:$E$267,Parameters!$M$5,Calendrier!$C$25:$C$267,DZ12)) -> 0 | NL12: =IF(EA12="","",COUNTIFS($D$25:$D$267,Parameters!$K$2,$E$25:$E$267,Parameters!$M$5,Calendrier!$C$25:$C$267,EA12)+ COUNTIFS($D$25:$D$267,Parameters!$K$4,$E$25:$E$267,Parameters!$M$5,Calendrier!$C$25:$C$267,EA12)) -> 0 | NM12: =IF(EB12="","",COUNTIFS($D$25:$D$267,Parameters!$K$2,$E$25:$E$267,Parameters!$M$5,Calendrier!$C$25:$C$267,EB12)+ COUNTIFS($D$25:$D$267,Parameters!$K$3,$E$25:$E$267,Parameters!$M$5,Calendrier!$C$25:$C$267,EB12)) -> 0 | NN12: =IF(EC12="","",COUNTIFS($D$25:$D$267,Parameters!$K$2,$E$25:$E$267,Parameters!$M$5,Calendrier!$C$25:$C$267,EC12)+ COUNTIFS($D$25:$D$267,Parameters!$K$4,$E$25:$E$267,Parameters!$M$5,Calendrier!$C$25:$C$267,EC12)) -> 0 | NO12: =IF(ED12="","",COUNTIFS($D$25:$D$267,Parameters!$K$2,$E$25:$E$267,Parameters!$M$5,Calendrier!$C$25:$C$267,ED12)+ COUNTIFS($D$25:$D$267,Parameters!$K$3,$E$25:$E$267,Parameters!$M$5,Calendrier!$C$25:$C$267,ED12)) -> 0 | NP12: =IF(EE12="","",COUNTIFS($D$25:$D$267,Parameters!$K$2,$E$25:$E$267,Parameters!$M$5,Calendrier!$C$25:$C$267,EE12)+ COUNTIFS($D$25:$D$267,Parameters!$K$4,$E$25:$E$267,Parameters!$M$5,Calendrier!$C$25:$C$267,EE12)) -> 0 | NQ12: =IF(EF12="","",COUNTIFS($D$25:$D$267,Parameters!$K$2,$E$25:$E$267,Parameters!$M$5,Calendrier!$C$25:$C$267,EF12)+ COUNTIFS($D$25:$D$267,Parameters!$K$3,$E$25:$E$267,Parameters!$M$5,Calendrier!$C$25:$C$267,EF12)) -> 0 | NR12: =IF(EG12="","",COUNTIFS($D$25:$D$267,Parameters!$K$2,$E$25:$E$267,Parameters!$M$5,Calendrier!$C$25:$C$267,EG12)+ COUNTIFS($D$25:$D$267,Parameters!$K$4,$E$25:$E$267,Parameters!$M$5,Calendrier!$C$25:$C$267,EG12)) -> 0 | NS12: =IF(EH12="","",COUNTIFS($D$25:$D$267,Parameters!$K$2,$E$25:$E$267,Parameters!$M$5,Calendrier!$C$25:$C$267,EH12)+ COUNTIFS($D$25:$D$267,Parameters!$K$3,$E$25:$E$267,Parameters!$M$5,Calendrier!$C$25:$C$267,EH12)) -> 0 | NT12: =IF(EI12="","",COUNTIFS($D$25:$D$267,Parameters!$K$2,$E$25:$E$267,Parameters!$M$5,Calendrier!$C$25:$C$267,EI12)+ COUNTIFS($D$25:$D$267,Parameters!$K$4,$E$25:$E$267,Parameters!$M$5,Calendrier!$C$25:$C$267,EI12)) -> 0 | NU12: =IF(EJ12="","",COUNTIFS($D$25:$D$267,Parameters!$K$2,$E$25:$E$267,Parameters!$M$5,Calendrier!$C$25:$C$267,EJ12)+ COUNTIFS($D$25:$D$267,Parameters!$K$3,$E$25:$E$267,Parameters!$M$5,Calendrier!$C$25:$C$267,EJ12)) -> 0 | NV12: =IF(EK12="","",COUNTIFS($D$25:$D$267,Parameters!$K$2,$E$25:$E$267,Parameters!$M$5,Calendrier!$C$25:$C$267,EK12)+ COUNTIFS($D$25:$D$267,Parameters!$K$4,$E$25:$E$267,Parameters!$M$5,Calendrier!$C$25:$C$267,EK12)) -> 0 | NY12: =IF(EN12="","",COUNTIFS($D$25:$D$267,Parameters!$K$2,$E$25:$E$267,Parameters!$M$5,Calendrier!$C$25:$C$267,EN12)+ COUNTIFS($D$25:$D$267,Parameters!$K$3,$E$25:$E$267,Parameters!$M$5,Calendrier!$C$25:$C$267,EN12)) -> 0 | NZ12: =IF(EO12="","",COUNTIFS($D$25:$D$267,Parameters!$K$2,$E$25:$E$267,Parameters!$M$5,Calendrier!$C$25:$C$267,EO12)+ COUNTIFS($D$25:$D$267,Parameters!$K$4,$E$25:$E$267,Parameters!$M$5,Calendrier!$C$25:$C$267,EO12)) -> 0 | OA12: =IF(EP12="","",COUNTIFS($D$25:$D$267,Parameters!$K$2,$E$25:$E$267,Parameters!$M$5,Calendrier!$C$25:$C$267,EP12)+ COUNTIFS($D$25:$D$267,Parameters!$K$3,$E$25:$E$267,Parameters!$M$5,Calendrier!$C$25:$C$267,EP12)) -> 0 | OB12: =IF(EQ12="","",COUNTIFS($D$25:$D$267,Parameters!$K$2,$E$25:$E$267,Parameters!$M$5,Calendrier!$C$25:$C$267,EQ12)+ COUNTIFS($D$25:$D$267,Parameters!$K$4,$E$25:$E$267,Parameters!$M$5,Calendrier!$C$25:$C$267,EQ12)) -> 0 | OC12: =IF(ER12="","",COUNTIFS($D$25:$D$267,Parameters!$K$2,$E$25:$E$267,Parameters!$M$5,Calendrier!$C$25:$C$267,ER12)+ COUNTIFS($D$25:$D$267,Parameters!$K$3,$E$25:$E$267,Parameters!$M$5,Calendrier!$C$25:$C$267,ER12)) -> 0 | OD12: =IF(ES12="","",COUNTIFS($D$25:$D$267,Parameters!$K$2,$E$25:$E$267,Parameters!$M$5,Calendrier!$C$25:$C$267,ES12)+ COUNTIFS($D$25:$D$267,Parameters!$K$4,$E$25:$E$267,Parameters!$M$5,Calendrier!$C$25:$C$267,ES12)) -> 0 | OE12: =IF(ET12="","",COUNTIFS($D$25:$D$267,Parameters!$K$2,$E$25:$E$267,Parameters!$M$5,Calendrier!$C$25:$C$267,ET12)+ COUNTIFS($D$25:$D$267,Parameters!$K$3,$E$25:$E$267,Parameters!$M$5,Calendrier!$C$25:$C$267,ET12)) -> 0 | OF12: =IF(EU12="","",COUNTIFS($D$25:$D$267,Parameters!$K$2,$E$25:$E$267,Parameters!$M$5,Calendrier!$C$25:$C$267,EU12)+ COUNTIFS($D$25:$D$267,Parameters!$K$4,$E$25:$E$267,Parameters!$M$5,Calendrier!$C$25:$C$267,EU12)) -> 0 | OG12: =IF(EV12="","",COUNTIFS($D$25:$D$267,Parameters!$K$2,$E$25:$E$267,Parameters!$M$5,Calendrier!$C$25:$C$267,EV12)+ COUNTIFS($D$25:$D$267,Parameters!$K$3,$E$25:$E$267,Parameters!$M$5,Calendrier!$C$25:$C$267,EV12)) -> 0 | OH12: =IF(EW12="","",COUNTIFS($D$25:$D$267,Parameters!$K$2,$E$25:$E$267,Parameters!$M$5,Calendrier!$C$25:$C$267,EW12)+ COUNTIFS($D$25:$D$267,Parameters!$K$4,$E$25:$E$267,Parameters!$M$5,Calendrier!$C$25:$C$267,EW12)) -> 0 | OI12: =IF(EX12="","",COUNTIFS($D$25:$D$267,Parameters!$K$2,$E$25:$E$267,Parameters!$M$5,Calendrier!$C$25:$C$267,EX12)+ COUNTIFS($D$25:$D$267,Parameters!$K$3,$E$25:$E$267,Parameters!$M$5,Calendrier!$C$25:$C$267,EX12)) -> 0 | OJ12: =IF(EY12="","",COUNTIFS($D$25:$D$267,Parameters!$K$2,$E$25:$E$267,Parameters!$M$5,Calendrier!$C$25:$C$267,EY12)+ COUNTIFS($D$25:$D$267,Parameters!$K$4,$E$25:$E$267,Parameters!$M$5,Calendrier!$C$25:$C$267,EY12)) -> 0 | OK12: =IF(EZ12="","",COUNTIFS($D$25:$D$267,Parameters!$K$2,$E$25:$E$267,Parameters!$M$5,Calendrier!$C$25:$C$267,EZ12)+ COUNTIFS($D$25:$D$267,Parameters!$K$3,$E$25:$E$267,Parameters!$M$5,Calendrier!$C$25:$C$267,EZ12)) -> 0 | OL12: =IF(FA12="","",COUNTIFS($D$25:$D$267,Parameters!$K$2,$E$25:$E$267,Parameters!$M$5,Calendrier!$C$25:$C$267,FA12)+ COUNTIFS($D$25:$D$267,Parameters!$K$4,$E$25:$E$267,Parameters!$M$5,Calendrier!$C$25:$C$267,FA12)) -> 0 | OP12: =IF(DH12="","",COUNTIFS(Parameters!$Y:$Y,$BF$4,Parameters!$X:$X,DH12)) -> 0 | OQ12: =IF(DI12="","",COUNTIFS(Parameters!$Y:$Y,$BF$4,Parameters!$X:$X,DI12)) -> 0 | OR12: =IF(DJ12="","",COUNTIFS(Parameters!$Y:$Y,$BF$4,Parameters!$X:$X,DJ12)) -> 0 | OS12: =IF(DK12="","",COUNTIFS(Parameters!$Y:$Y,$BF$4,Parameters!$X:$X,DK12)) -> 0 | OT12: =IF(DL12="","",COUNTIFS(Parameters!$Y:$Y,$BF$4,Parameters!$X:$X,DL12)) -> 0 | OU12: =IF(DM12="","",COUNTIFS(Parameters!$Y:$Y,$BF$4,Parameters!$X:$X,DM12)) -> 0 | OV12: =IF(DN12="","",COUNTIFS(Parameters!$Y:$Y,$BF$4,Parameters!$X:$X,DN12)) -> 0 | OW12: =IF(DO12="","",COUNTIFS(Parameters!$Y:$Y,$BF$4,Parameters!$X:$X,DO12)) -> 0 | ... PC12: =IF(DU12="","",COUNTIFS(Parameters!$Y:$Y,$BF$4,Parameters!$X:$X,DU12)) -> 0 | PF12: =IF(DX12="","",COUNTIFS(Parameters!$Y:$Y,$BF$4,Parameters!$X:$X,DX12)) -> 0 | PG12: =IF(DY12="","",COUNTIFS(Parameters!$Y:$Y,$BF$4,Parameters!$X:$X,DY12)) -> 0 | PH12: =IF(DZ12="","",COUNTIFS(Parameters!$Y:$Y,$BF$4,Parameters!$X:$X,DZ12)) -> 0 | PI12: =IF(EA12="","",COUNTIFS(Parameters!$Y:$Y,$BF$4,Parameters!$X:$X,EA12)) -> 0 | PJ12: =IF(EB12="","",COUNTIFS(Parameters!$Y:$Y,$BF$4,Parameters!$X:$X,EB12)) -> 0 | PK12: =IF(EC12="","",COUNTIFS(Parameters!$Y:$Y,$BF$4,Parameters!$X:$X,EC12)) -> 0 | PL12: =IF(ED12="","",COUNTIFS(Parameters!$Y:$Y,$BF$4,Parameters!$X:$X,ED12)) -> 0 | PM12: =IF(EE12="","",COUNTIFS(Parameters!$Y:$Y,$BF$4,Parameters!$X:$X,EE12)) -> 0 | ... PS12: =IF(EK12="","",COUNTIFS(Parameters!$Y:$Y,$BF$4,Parameters!$X:$X,EK12)) -> 0 | PV12: =IF(EN12="","",COUNTIFS(Parameters!$Y:$Y,$BF$4,Parameters!$X:$X,EN12)) -> 0 | PW12: =IF(EO12="","",COUNTIFS(Parameters!$Y:$Y,$BF$4,Parameters!$X:$X,EO12)) -> 0 | PX12: =IF(EP12="","",COUNTIFS(Parameters!$Y:$Y,$BF$4,Parameters!$X:$X,EP12)) -> 0 | PY12: =IF(EQ12="","",COUNTIFS(Parameters!$Y:$Y,$BF$4,Parameters!$X:$X,EQ12)) -> 0 | PZ12: =IF(ER12="","",COUNTIFS(Parameters!$Y:$Y,$BF$4,Parameters!$X:$X,ER12)) -> 0 | QA12: =IF(ES12="","",COUNTIFS(Parameters!$Y:$Y,$BF$4,Parameters!$X:$X,ES12)) -> 0 | QB12: =IF(ET12="","",COUNTIFS(Parameters!$Y:$Y,$BF$4,Parameters!$X:$X,ET12)) -> 0 | QC12: =IF(EU12="","",COUNTIFS(Parameters!$Y:$Y,$BF$4,Parameters!$X:$X,EU12)) -> 0 | ... QI12: =IF(FA12="","",COUNTIFS(Parameters!$Y:$Y,$BF$4,Parameters!$X:$X,FA12)) -> 0 | QN12: =IF(DH12="","",COUNTIFS($D$25:$D$267,Parameters!$K$2,$E$25:$E$267,Parameters!$M$6,Calendrier!$C$25:$C$267,DH12)+ COUNTIFS($D$25:$D$267,Parameters!$K$3,$E$25:$E$267,Parameters!$M$6,Calendrier!$C$25:$C$267,DH12)) -> 0 | QO12: =IF(DI12="","",COUNTIFS($D$25:$D$267,Parameters!$K$2,$E$25:$E$267,Parameters!$M$6,Calendrier!$C$25:$C$267,DI12)+ COUNTIFS($D$25:$D$267,Parameters!$K$4,$E$25:$E$267,Parameters!$M$6,Calendrier!$C$25:$C$267,DI12)) -> 0 | QP12: =IF(DJ12="","",COUNTIFS($D$25:$D$267,Parameters!$K$2,$E$25:$E$267,Parameters!$M$6,Calendrier!$C$25:$C$267,DJ12)+ COUNTIFS($D$25:$D$267,Parameters!$K$3,$E$25:$E$267,Parameters!$M$6,Calendrier!$C$25:$C$267,DJ12)) -> 0 | QQ12: =IF(DK12="","",COUNTIFS($D$25:$D$267,Parameters!$K$2,$E$25:$E$267,Parameters!$M$6,Calendrier!$C$25:$C$267,DK12)+ COUNTIFS($D$25:$D$267,Parameters!$K$4,$E$25:$E$267,Parameters!$M$6,Calendrier!$C$25:$C$267,DK12)) -> 0 | QR12: =IF(DL12="","",COUNTIFS($D$25:$D$267,Parameters!$K$2,$E$25:$E$267,Parameters!$M$6,Calendrier!$C$25:$C$267,DL12)+ COUNTIFS($D$25:$D$267,Parameters!$K$3,$E$25:$E$267,Parameters!$M$6,Calendrier!$C$25:$C$267,DL12)) -> 0 | QS12: =IF(DM12="","",COUNTIFS($D$25:$D$267,Parameters!$K$2,$E$25:$E$267,Parameters!$M$6,Calendrier!$C$25:$C$267,DM12)+ COUNTIFS($D$25:$D$267,Parameters!$K$4,$E$25:$E$267,Parameters!$M$6,Calendrier!$C$25:$C$267,DM12)) -> 0 | QT12: =IF(DN12="","",COUNTIFS($D$25:$D$267,Parameters!$K$2,$E$25:$E$267,Parameters!$M$6,Calendrier!$C$25:$C$267,DN12)+ COUNTIFS($D$25:$D$267,Parameters!$K$3,$E$25:$E$267,Parameters!$M$6,Calendrier!$C$25:$C$267,DN12)) -> 0 | QU12: =IF(DO12="","",COUNTIFS($D$25:$D$267,Parameters!$K$2,$E$25:$E$267,Parameters!$M$6,Calendrier!$C$25:$C$267,DO12)+ COUNTIFS($D$25:$D$267,Parameters!$K$4,$E$25:$E$267,Parameters!$M$6,Calendrier!$C$25:$C$267,DO12)) -> 0 | QV12: =IF(DP12="","",COUNTIFS($D$25:$D$267,Parameters!$K$2,$E$25:$E$267,Parameters!$M$6,Calendrier!$C$25:$C$267,DP12)+ COUNTIFS($D$25:$D$267,Parameters!$K$3,$E$25:$E$267,Parameters!$M$6,Calendrier!$C$25:$C$267,DP12)) -> 0 | QW12: =IF(DQ12="","",COUNTIFS($D$25:$D$267,Parameters!$K$2,$E$25:$E$267,Parameters!$M$6,Calendrier!$C$25:$C$267,DQ12)+ COUNTIFS($D$25:$D$267,Parameters!$K$4,$E$25:$E$267,Parameters!$M$6,Calendrier!$C$25:$C$267,DQ12)) -> 0 | QX12: =IF(DR12="","",COUNTIFS($D$25:$D$267,Parameters!$K$2,$E$25:$E$267,Parameters!$M$6,Calendrier!$C$25:$C$267,DR12)+ COUNTIFS($D$25:$D$267,Parameters!$K$3,$E$25:$E$267,Parameters!$M$6,Calendrier!$C$25:$C$267,DR12)) -> 0 | QY12: =IF(DS12="","",COUNTIFS($D$25:$D$267,Parameters!$K$2,$E$25:$E$267,Parameters!$M$6,Calendrier!$C$25:$C$267,DS12)+ COUNTIFS($D$25:$D$267,Parameters!$K$4,$E$25:$E$267,Parameters!$M$6,Calendrier!$C$25:$C$267,DS12)) -> 0 | QZ12: =IF(DT12="","",COUNTIFS($D$25:$D$267,Parameters!$K$2,$E$25:$E$267,Parameters!$M$6,Calendrier!$C$25:$C$267,DT12)+ COUNTIFS($D$25:$D$267,Parameters!$K$3,$E$25:$E$267,Parameters!$M$6,Calendrier!$C$25:$C$267,DT12)) -> 0 | RA12: =IF(DU12="","",COUNTIFS($D$25:$D$267,Parameters!$K$2,$E$25:$E$267,Parameters!$M$6,Calendrier!$C$25:$C$267,DU12)+ COUNTIFS($D$25:$D$267,Parameters!$K$4,$E$25:$E$267,Parameters!$M$6,Calendrier!$C$25:$C$267,DU12)) -> 0 | RD12: =IF(DX12="","",COUNTIFS($D$25:$D$267,Parameters!$K$2,$E$25:$E$267,Parameters!$M$6,Calendrier!$C$25:$C$267,DX12)+ COUNTIFS($D$25:$D$267,Parameters!$K$3,$E$25:$E$267,Parameters!$M$6,Calendrier!$C$25:$C$267,DX12)) -> 0 | RE12: =IF(DY12="","",COUNTIFS($D$25:$D$267,Parameters!$K$2,$E$25:$E$267,Parameters!$M$6,Calendrier!$C$25:$C$267,DY12)+ COUNTIFS($D$25:$D$267,Parameters!$K$4,$E$25:$E$267,Parameters!$M$6,Calendrier!$C$25:$C$267,DY12)) -> 0 | RF12: =IF(DZ12="","",COUNTIFS($D$25:$D$267,Parameters!$K$2,$E$25:$E$267,Parameters!$M$6,Calendrier!$C$25:$C$267,DZ12)+ COUNTIFS($D$25:$D$267,Parameters!$K$3,$E$25:$E$267,Parameters!$M$6,Calendrier!$C$25:$C$267,DZ12)) -> 0 | RG12: =IF(EA12="","",COUNTIFS($D$25:$D$267,Parameters!$K$2,$E$25:$E$267,Parameters!$M$6,Calendrier!$C$25:$C$267,EA12)+ COUNTIFS($D$25:$D$267,Parameters!$K$4,$E$25:$E$267,Parameters!$M$6,Calendrier!$C$25:$C$267,EA12)) -> 0 | RH12: =IF(EB12="","",COUNTIFS($D$25:$D$267,Parameters!$K$2,$E$25:$E$267,Parameters!$M$6,Calendrier!$C$25:$C$267,EB12)+ COUNTIFS($D$25:$D$267,Parameters!$K$3,$E$25:$E$267,Parameters!$M$6,Calendrier!$C$25:$C$267,EB12)) -> 0 | RI12: =IF(EC12="","",COUNTIFS($D$25:$D$267,Parameters!$K$2,$E$25:$E$267,Parameters!$M$6,Calendrier!$C$25:$C$267,EC12)+ COUNTIFS($D$25:$D$267,Parameters!$K$4,$E$25:$E$267,Parameters!$M$6,Calendrier!$C$25:$C$267,EC12)) -> 0 | RJ12: =IF(ED12="","",COUNTIFS($D$25:$D$267,Parameters!$K$2,$E$25:$E$267,Parameters!$M$6,Calendrier!$C$25:$C$267,ED12)+ COUNTIFS($D$25:$D$267,Parameters!$K$3,$E$25:$E$267,Parameters!$M$6,Calendrier!$C$25:$C$267,ED12)) -> 0 | RK12: =IF(EE12="","",COUNTIFS($D$25:$D$267,Parameters!$K$2,$E$25:$E$267,Parameters!$M$6,Calendrier!$C$25:$C$267,EE12)+ COUNTIFS($D$25:$D$267,Parameters!$K$4,$E$25:$E$267,Parameters!$M$6,Calendrier!$C$25:$C$267,EE12)) -> 0 | RL12: =IF(EF12="","",COUNTIFS($D$25:$D$267,Parameters!$K$2,$E$25:$E$267,Parameters!$M$6,Calendrier!$C$25:$C$267,EF12)+ COUNTIFS($D$25:$D$267,Parameters!$K$3,$E$25:$E$267,Parameters!$M$6,Calendrier!$C$25:$C$267,EF12)) -> 0 | RM12: =IF(EG12="","",COUNTIFS($D$25:$D$267,Parameters!$K$2,$E$25:$E$267,Parameters!$M$6,Calendrier!$C$25:$C$267,EG12)+ COUNTIFS($D$25:$D$267,Parameters!$K$4,$E$25:$E$267,Parameters!$M$6,Calendrier!$C$25:$C$267,EG12)) -> 0 | RN12: =IF(EH12="","",COUNTIFS($D$25:$D$267,Parameters!$K$2,$E$25:$E$267,Parameters!$M$6,Calendrier!$C$25:$C$267,EH12)+ COUNTIFS($D$25:$D$267,Parameters!$K$3,$E$25:$E$267,Parameters!$M$6,Calendrier!$C$25:$C$267,EH12)) -> 0 | RO12: =IF(EI12="","",COUNTIFS($D$25:$D$267,Parameters!$K$2,$E$25:$E$267,Parameters!$M$6,Calendrier!$C$25:$C$267,EI12)+ COUNTIFS($D$25:$D$267,Parameters!$K$4,$E$25:$E$267,Parameters!$M$6,Calendrier!$C$25:$C$267,EI12)) -> 0 | RP12: =IF(EJ12="","",COUNTIFS($D$25:$D$267,Parameters!$K$2,$E$25:$E$267,Parameters!$M$6,Calendrier!$C$25:$C$267,EJ12)+ COUNTIFS($D$25:$D$267,Parameters!$K$3,$E$25:$E$267,Parameters!$M$6,Calendrier!$C$25:$C$267,EJ12)) -> 0 | RQ12: =IF(EK12="","",COUNTIFS($D$25:$D$267,Parameters!$K$2,$E$25:$E$267,Parameters!$M$6,Calendrier!$C$25:$C$267,EK12)+ COUNTIFS($D$25:$D$267,Parameters!$K$4,$E$25:$E$267,Parameters!$M$6,Calendrier!$C$25:$C$267,EK12)) -> 0 | RT12: =IF(EN12="","",COUNTIFS($D$25:$D$267,Parameters!$K$2,$E$25:$E$267,Parameters!$M$6,Calendrier!$C$25:$C$267,EN12)+ COUNTIFS($D$25:$D$267,Parameters!$K$3,$E$25:$E$267,Parameters!$M$6,Calendrier!$C$25:$C$267,EN12)) -> 0 | RU12: =IF(EO12="","",COUNTIFS($D$25:$D$267,Parameters!$K$2,$E$25:$E$267,Parameters!$M$6,Calendrier!$C$25:$C$267,EO12)+ COUNTIFS($D$25:$D$267,Parameters!$K$4,$E$25:$E$267,Parameters!$M$6,Calendrier!$C$25:$C$267,EO12)) -> 0 | RV12: =IF(EP12="","",COUNTIFS($D$25:$D$267,Parameters!$K$2,$E$25:$E$267,Parameters!$M$6,Calendrier!$C$25:$C$267,EP12)+ COUNTIFS($D$25:$D$267,Parameters!$K$3,$E$25:$E$267,Parameters!$M$6,Calendrier!$C$25:$C$267,EP12)) -> 0 | RW12: =IF(EQ12="","",COUNTIFS($D$25:$D$267,Parameters!$K$2,$E$25:$E$267,Parameters!$M$6,Calendrier!$C$25:$C$267,EQ12)+ COUNTIFS($D$25:$D$267,Parameters!$K$4,$E$25:$E$267,Parameters!$M$6,Calendrier!$C$25:$C$267,EQ12)) -> 0 | RX12: =IF(ER12="","",COUNTIFS($D$25:$D$267,Parameters!$K$2,$E$25:$E$267,Parameters!$M$6,Calendrier!$C$25:$C$267,ER12)+ COUNTIFS($D$25:$D$267,Parameters!$K$3,$E$25:$E$267,Parameters!$M$6,Calendrier!$C$25:$C$267,ER12)) -> 0 | RY12: =IF(ES12="","",COUNTIFS($D$25:$D$267,Parameters!$K$2,$E$25:$E$267,Parameters!$M$6,Calendrier!$C$25:$C$267,ES12)+ COUNTIFS($D$25:$D$267,Parameters!$K$4,$E$25:$E$267,Parameters!$M$6,Calendrier!$C$25:$C$267,ES12)) -> 0 | RZ12: =IF(ET12="","",COUNTIFS($D$25:$D$267,Parameters!$K$2,$E$25:$E$267,Parameters!$M$6,Calendrier!$C$25:$C$267,ET12)+ COUNTIFS($D$25:$D$267,Parameters!$K$3,$E$25:$E$267,Parameters!$M$6,Calendrier!$C$25:$C$267,ET12)) -> 0 | SA12: =IF(EU12="","",COUNTIFS($D$25:$D$267,Parameters!$K$2,$E$25:$E$267,Parameters!$M$6,Calendrier!$C$25:$C$267,EU12)+ COUNTIFS($D$25:$D$267,Parameters!$K$4,$E$25:$E$267,Parameters!$M$6,Calendrier!$C$25:$C$267,EU12)) -> 0 | SB12: =IF(EV12="","",COUNTIFS($D$25:$D$267,Parameters!$K$2,$E$25:$E$267,Parameters!$M$6,Calendrier!$C$25:$C$267,EV12)+ COUNTIFS($D$25:$D$267,Parameters!$K$3,$E$25:$E$267,Parameters!$M$6,Calendrier!$C$25:$C$267,EV12)) -> 0 | SC12: =IF(EW12="","",COUNTIFS($D$25:$D$267,Parameters!$K$2,$E$25:$E$267,Parameters!$M$6,Calendrier!$C$25:$C$267,EW12)+ COUNTIFS($D$25:$D$267,Parameters!$K$4,$E$25:$E$267,Parameters!$M$6,Calendrier!$C$25:$C$267,EW12)) -> 0 | SD12: =IF(EX12="","",COUNTIFS($D$25:$D$267,Parameters!$K$2,$E$25:$E$267,Parameters!$M$6,Calendrier!$C$25:$C$267,EX12)+ COUNTIFS($D$25:$D$267,Parameters!$K$3,$E$25:$E$267,Parameters!$M$6,Calendrier!$C$25:$C$267,EX12)) -> 0 | SE12: =IF(EY12="","",COUNTIFS($D$25:$D$267,Parameters!$K$2,$E$25:$E$267,Parameters!$M$6,Calendrier!$C$25:$C$267,EY12)+ COUNTIFS($D$25:$D$267,Parameters!$K$4,$E$25:$E$267,Parameters!$M$6,Calendrier!$C$25:$C$267,EY12)) -> 0 | SF12: =IF(EZ12="","",COUNTIFS($D$25:$D$267,Parameters!$K$2,$E$25:$E$267,Parameters!$M$6,Calendrier!$C$25:$C$267,EZ12)+ COUNTIFS($D$25:$D$267,Parameters!$K$3,$E$25:$E$267,Parameters!$M$6,Calendrier!$C$25:$C$267,EZ12)) -> 0 | SG12: =IF(FA12="","",COUNTIFS($D$25:$D$267,Parameters!$K$2,$E$25:$E$267,Parameters!$M$6,Calendrier!$C$25:$C$267,FA12)+ COUNTIFS($D$25:$D$267,Parameters!$K$4,$E$25:$E$267,Parameters!$M$6,Calendrier!$C$25:$C$267,FA12)) -> 0 | SL12: =IF(DH12="","",COUNTIFS($D$25:$D$267,Parameters!$K$2,$E$25:$E$267,Parameters!$M$7,Calendrier!$C$25:$C$267,DH12)+ COUNTIFS($D$25:$D$267,Parameters!$K$3,$E$25:$E$267,Parameters!$M$7,Calendrier!$C$25:$C$267,DH12)) -> 0 | SM12: =IF(DI12="","",COUNTIFS($D$25:$D$267,Parameters!$K$2,$E$25:$E$267,Parameters!$M$7,Calendrier!$C$25:$C$267,DI12)+ COUNTIFS($D$25:$D$267,Parameters!$K$4,$E$25:$E$267,Parameters!$M$7,Calendrier!$C$25:$C$267,DI12)) -> 0 | SN12: =IF(DJ12="","",COUNTIFS($D$25:$D$267,Parameters!$K$2,$E$25:$E$267,Parameters!$M$7,Calendrier!$C$25:$C$267,DJ12)+ COUNTIFS($D$25:$D$267,Parameters!$K$3,$E$25:$E$267,Parameters!$M$7,Calendrier!$C$25:$C$267,DJ12)) -> 0 | SO12: =IF(DK12="","",COUNTIFS($D$25:$D$267,Parameters!$K$2,$E$25:$E$267,Parameters!$M$7,Calendrier!$C$25:$C$267,DK12)+ COUNTIFS($D$25:$D$267,Parameters!$K$4,$E$25:$E$267,Parameters!$M$7,Calendrier!$C$25:$C$267,DK12)) -> 0 | SP12: =IF(DL12="","",COUNTIFS($D$25:$D$267,Parameters!$K$2,$E$25:$E$267,Parameters!$M$7,Calendrier!$C$25:$C$267,DL12)+ COUNTIFS($D$25:$D$267,Parameters!$K$3,$E$25:$E$267,Parameters!$M$7,Calendrier!$C$25:$C$267,DL12)) -> 0 | SQ12: =IF(DM12="","",COUNTIFS($D$25:$D$267,Parameters!$K$2,$E$25:$E$267,Parameters!$M$7,Calendrier!$C$25:$C$267,DM12)+ COUNTIFS($D$25:$D$267,Parameters!$K$4,$E$25:$E$267,Parameters!$M$7,Calendrier!$C$25:$C$267,DM12)) -> 0 | SR12: =IF(DN12="","",COUNTIFS($D$25:$D$267,Parameters!$K$2,$E$25:$E$267,Parameters!$M$7,Calendrier!$C$25:$C$267,DN12)+ COUNTIFS($D$25:$D$267,Parameters!$K$3,$E$25:$E$267,Parameters!$M$7,Calendrier!$C$25:$C$267,DN12)) -> 0 | SS12: =IF(DO12="","",COUNTIFS($D$25:$D$267,Parameters!$K$2,$E$25:$E$267,Parameters!$M$7,Calendrier!$C$25:$C$267,DO12)+ COUNTIFS($D$25:$D$267,Parameters!$K$4,$E$25:$E$267,Parameters!$M$7,Calendrier!$C$25:$C$267,DO12)) -> 0 | ST12: =IF(DP12="","",COUNTIFS($D$25:$D$267,Parameters!$K$2,$E$25:$E$267,Parameters!$M$7,Calendrier!$C$25:$C$267,DP12)+ COUNTIFS($D$25:$D$267,Parameters!$K$3,$E$25:$E$267,Parameters!$M$7,Calendrier!$C$25:$C$267,DP12)) -> 0 | SU12: =IF(DQ12="","",COUNTIFS($D$25:$D$267,Parameters!$K$2,$E$25:$E$267,Parameters!$M$7,Calendrier!$C$25:$C$267,DQ12)+ COUNTIFS($D$25:$D$267,Parameters!$K$4,$E$25:$E$267,Parameters!$M$7,Calendrier!$C$25:$C$267,DQ12)) -> 0 | SV12: =IF(DR12="","",COUNTIFS($D$25:$D$267,Parameters!$K$2,$E$25:$E$267,Parameters!$M$7,Calendrier!$C$25:$C$267,DR12)+ COUNTIFS($D$25:$D$267,Parameters!$K$3,$E$25:$E$267,Parameters!$M$7,Calendrier!$C$25:$C$267,DR12)) -> 0 | SW12: =IF(DS12="","",COUNTIFS($D$25:$D$267,Parameters!$K$2,$E$25:$E$267,Parameters!$M$7,Calendrier!$C$25:$C$267,DS12)+ COUNTIFS($D$25:$D$267,Parameters!$K$4,$E$25:$E$267,Parameters!$M$7,Calendrier!$C$25:$C$267,DS12)) -> 0 | SX12: =IF(DT12="","",COUNTIFS($D$25:$D$267,Parameters!$K$2,$E$25:$E$267,Parameters!$M$7,Calendrier!$C$25:$C$267,DT12)+ COUNTIFS($D$25:$D$267,Parameters!$K$3,$E$25:$E$267,Parameters!$M$7,Calendrier!$C$25:$C$267,DT12)) -> 0 | SY12: =IF(DU12="","",COUNTIFS($D$25:$D$267,Parameters!$K$2,$E$25:$E$267,Parameters!$M$7,Calendrier!$C$25:$C$267,DU12)+ COUNTIFS($D$25:$D$267,Parameters!$K$4,$E$25:$E$267,Parameters!$M$7,Calendrier!$C$25:$C$267,DU12)) -> 0 | TB12: =IF(DX12="","",COUNTIFS($D$25:$D$267,Parameters!$K$2,$E$25:$E$267,Parameters!$M$7,Calendrier!$C$25:$C$267,DX12)+ COUNTIFS($D$25:$D$267,Parameters!$K$3,$E$25:$E$267,Parameters!$M$7,Calendrier!$C$25:$C$267,DX12)) -> 0 | TC12: =IF(DY12="","",COUNTIFS($D$25:$D$267,Parameters!$K$2,$E$25:$E$267,Parameters!$M$7,Calendrier!$C$25:$C$267,DY12)+ COUNTIFS($D$25:$D$267,Parameters!$K$4,$E$25:$E$267,Parameters!$M$7,Calendrier!$C$25:$C$267,DY12)) -> 0 | TD12: =IF(DZ12="","",COUNTIFS($D$25:$D$267,Parameters!$K$2,$E$25:$E$267,Parameters!$M$7,Calendrier!$C$25:$C$267,DZ12)+ COUNTIFS($D$25:$D$267,Parameters!$K$3,$E$25:$E$267,Parameters!$M$7,Calendrier!$C$25:$C$267,DZ12)) -> 0 | TE12: =IF(EA12="","",COUNTIFS($D$25:$D$267,Parameters!$K$2,$E$25:$E$267,Parameters!$M$7,Calendrier!$C$25:$C$267,EA12)+ COUNTIFS($D$25:$D$267,Parameters!$K$4,$E$25:$E$267,Parameters!$M$7,Calendrier!$C$25:$C$267,EA12)) -> 0 | TF12: =IF(EB12="","",COUNTIFS($D$25:$D$267,Parameters!$K$2,$E$25:$E$267,Parameters!$M$7,Calendrier!$C$25:$C$267,EB12)+ COUNTIFS($D$25:$D$267,Parameters!$K$3,$E$25:$E$267,Parameters!$M$7,Calendrier!$C$25:$C$267,EB12)) -> 0 | TG12: =IF(EC12="","",COUNTIFS($D$25:$D$267,Parameters!$K$2,$E$25:$E$267,Parameters!$M$7,Calendrier!$C$25:$C$267,EC12)+ COUNTIFS($D$25:$D$267,Parameters!$K$4,$E$25:$E$267,Parameters!$M$7,Calendrier!$C$25:$C$267,EC12)) -> 0 | TH12: =IF(ED12="","",COUNTIFS($D$25:$D$267,Parameters!$K$2,$E$25:$E$267,Parameters!$M$7,Calendrier!$C$25:$C$267,ED12)+ COUNTIFS($D$25:$D$267,Parameters!$K$3,$E$25:$E$267,Parameters!$M$7,Calendrier!$C$25:$C$267,ED12)) -> 0 | TI12: =IF(EE12="","",COUNTIFS($D$25:$D$267,Parameters!$K$2,$E$25:$E$267,Parameters!$M$7,Calendrier!$C$25:$C$267,EE12)+ COUNTIFS($D$25:$D$267,Parameters!$K$4,$E$25:$E$267,Parameters!$M$7,Calendrier!$C$25:$C$267,EE12)) -> 0 | TJ12: =IF(EF12="","",COUNTIFS($D$25:$D$267,Parameters!$K$2,$E$25:$E$267,Parameters!$M$7,Calendrier!$C$25:$C$267,EF12)+ COUNTIFS($D$25:$D$267,Parameters!$K$3,$E$25:$E$267,Parameters!$M$7,Calendrier!$C$25:$C$267,EF12)) -> 0 | TK12: =IF(EG12="","",COUNTIFS($D$25:$D$267,Parameters!$K$2,$E$25:$E$267,Parameters!$M$7,Calendrier!$C$25:$C$267,EG12)+ COUNTIFS($D$25:$D$267,Parameters!$K$4,$E$25:$E$267,Parameters!$M$7,Calendrier!$C$25:$C$267,EG12)) -> 0 | TL12: =IF(EH12="","",COUNTIFS($D$25:$D$267,Parameters!$K$2,$E$25:$E$267,Parameters!$M$7,Calendrier!$C$25:$C$267,EH12)+ COUNTIFS($D$25:$D$267,Parameters!$K$3,$E$25:$E$267,Parameters!$M$7,Calendrier!$C$25:$C$267,EH12)) -> 0 | TM12: =IF(EI12="","",COUNTIFS($D$25:$D$267,Parameters!$K$2,$E$25:$E$267,Parameters!$M$7,Calendrier!$C$25:$C$267,EI12)+ COUNTIFS($D$25:$D$267,Parameters!$K$4,$E$25:$E$267,Parameters!$M$7,Calendrier!$C$25:$C$267,EI12)) -> 0 | TN12: =IF(EJ12="","",COUNTIFS($D$25:$D$267,Parameters!$K$2,$E$25:$E$267,Parameters!$M$7,Calendrier!$C$25:$C$267,EJ12)+ COUNTIFS($D$25:$D$267,Parameters!$K$3,$E$25:$E$267,Parameters!$M$7,Calendrier!$C$25:$C$267,EJ12)) -> 0 | TO12: =IF(EK12="","",COUNTIFS($D$25:$D$267,Parameters!$K$2,$E$25:$E$267,Parameters!$M$7,Calendrier!$C$25:$C$267,EK12)+ COUNTIFS($D$25:$D$267,Parameters!$K$4,$E$25:$E$267,Parameters!$M$7,Calendrier!$C$25:$C$267,EK12)) -> 0 | TR12: =IF(EN12="","",COUNTIFS($D$25:$D$267,Parameters!$K$2,$E$25:$E$267,Parameters!$M$7,Calendrier!$C$25:$C$267,EN12)+ COUNTIFS($D$25:$D$267,Parameters!$K$3,$E$25:$E$267,Parameters!$M$7,Calendrier!$C$25:$C$267,EN12)) -> 0 | TS12: =IF(EO12="","",COUNTIFS($D$25:$D$267,Parameters!$K$2,$E$25:$E$267,Parameters!$M$7,Calendrier!$C$25:$C$267,EO12)+ COUNTIFS($D$25:$D$267,Parameters!$K$4,$E$25:$E$267,Parameters!$M$7,Calendrier!$C$25:$C$267,EO12)) -> 0 | TT12: =IF(EP12="","",COUNTIFS($D$25:$D$267,Parameters!$K$2,$E$25:$E$267,Parameters!$M$7,Calendrier!$C$25:$C$267,EP12)+ COUNTIFS($D$25:$D$267,Parameters!$K$3,$E$25:$E$267,Parameters!$M$7,Calendrier!$C$25:$C$267,EP12)) -> 0 | TU12: =IF(EQ12="","",COUNTIFS($D$25:$D$267,Parameters!$K$2,$E$25:$E$267,Parameters!$M$7,Calendrier!$C$25:$C$267,EQ12)+ COUNTIFS($D$25:$D$267,Parameters!$K$4,$E$25:$E$267,Parameters!$M$7,Calendrier!$C$25:$C$267,EQ12)) -> 0 | TV12: =IF(ER12="","",COUNTIFS($D$25:$D$267,Parameters!$K$2,$E$25:$E$267,Parameters!$M$7,Calendrier!$C$25:$C$267,ER12)+ COUNTIFS($D$25:$D$267,Parameters!$K$3,$E$25:$E$267,Parameters!$M$7,Calendrier!$C$25:$C$267,ER12)) -> 0 | TW12: =IF(ES12="","",COUNTIFS($D$25:$D$267,Parameters!$K$2,$E$25:$E$267,Parameters!$M$7,Calendrier!$C$25:$C$267,ES12)+ COUNTIFS($D$25:$D$267,Parameters!$K$4,$E$25:$E$267,Parameters!$M$7,Calendrier!$C$25:$C$267,ES12)) -> 0 | TX12: =IF(ET12="","",COUNTIFS($D$25:$D$267,Parameters!$K$2,$E$25:$E$267,Parameters!$M$7,Calendrier!$C$25:$C$267,ET12)+ COUNTIFS($D$25:$D$267,Parameters!$K$3,$E$25:$E$267,Parameters!$M$7,Calendrier!$C$25:$C$267,ET12)) -> 0 | TY12: =IF(EU12="","",COUNTIFS($D$25:$D$267,Parameters!$K$2,$E$25:$E$267,Parameters!$M$7,Calendrier!$C$25:$C$267,EU12)+ COUNTIFS($D$25:$D$267,Parameters!$K$4,$E$25:$E$267,Parameters!$M$7,Calendrier!$C$25:$C$267,EU12)) -> 0 | TZ12: =IF(EV12="","",COUNTIFS($D$25:$D$267,Parameters!$K$2,$E$25:$E$267,Parameters!$M$7,Calendrier!$C$25:$C$267,EV12)+ COUNTIFS($D$25:$D$267,Parameters!$K$3,$E$25:$E$267,Parameters!$M$7,Calendrier!$C$25:$C$267,EV12)) -> 0 | UA12: =IF(EW12="","",COUNTIFS($D$25:$D$267,Parameters!$K$2,$E$25:$E$267,Parameters!$M$7,Calendrier!$C$25:$C$267,EW12)+ COUNTIFS($D$25:$D$267,Parameters!$K$4,$E$25:$E$267,Parameters!$M$7,Calendrier!$C$25:$C$267,EW12)) -> 0 | UB12: =IF(EX12="","",COUNTIFS($D$25:$D$267,Parameters!$K$2,$E$25:$E$267,Parameters!$M$7,Calendrier!$C$25:$C$267,EX12)+ COUNTIFS($D$25:$D$267,Parameters!$K$3,$E$25:$E$267,Parameters!$M$7,Calendrier!$C$25:$C$267,EX12)) -> 0 | UC12: =IF(EY12="","",COUNTIFS($D$25:$D$267,Parameters!$K$2,$E$25:$E$267,Parameters!$M$7,Calendrier!$C$25:$C$267,EY12)+ COUNTIFS($D$25:$D$267,Parameters!$K$4,$E$25:$E$267,Parameters!$M$7,Calendrier!$C$25:$C$267,EY12)) -> 0 | UD12: =IF(EZ12="","",COUNTIFS($D$25:$D$267,Parameters!$K$2,$E$25:$E$267,Parameters!$M$7,Calendrier!$C$25:$C$267,EZ12)+ COUNTIFS($D$25:$D$267,Parameters!$K$3,$E$25:$E$267,Parameters!$M$7,Calendrier!$C$25:$C$267,EZ12)) -> 0 | UE12: =IF(FA12="","",COUNTIFS($D$25:$D$267,Parameters!$K$2,$E$25:$E$267,Parameters!$M$7,Calendrier!$C$25:$C$267,FA12)+ COUNTIFS($D$25:$D$267,Parameters!$K$4,$E$25:$E$267,Parameters!$M$7,Calendrier!$C$25:$C$267,FA12)) -> 0
